Date__(UT)__HR:MN, , , R.A._(ICRF), DEC_(ICRF),    APmag,  S-brt,             delta,     deldot,     S-O-T,/r,     S-T-O,  Sky_motion, Sky_mot_PA, RelVel-ANG, Lun_Sky_Brt  sky_SNR

 2022-Jul-11 00:00, , ,   197.51785,   22.67345,   17.173,   n.a.,  52.8140356156280, 25.4275187,   79.5486,/T,    1.0884,   0.0265314,  170.09310,  56.330642,        n.a.     n.a.
 2022-Jul-12 00:00, , ,   197.51998,   22.66295,   17.173,   n.a.,  52.8286951350857, 25.3360921,   78.7139,/T,    1.0854,   0.0268960,  168.68655,  55.865686,        n.a.     n.a.
 2022-Jul-13 00:00, , ,   197.52241,   22.65235,   17.173,   n.a.,  52.8433000458918, 25.2384314,   77.8800,/T,    1.0822,   0.0272700,  167.31803,  55.386458,        n.a.     n.a.
 2022-Jul-14 00:00, , ,   197.52515,   22.64166,   17.174,   n.a.,  52.8578467703722, 25.1346016,   77.0470,/T,    1.0787,   0.0276530,  165.98635,  54.893510,        n.a.     n.a.
 2022-Jul-15 00:00, , ,   197.52820,   22.63089,   17.174,   n.a.,  52.8723317435457, 25.0245813,   76.2149,/T,    1.0750,   0.0280445,  164.69023,  54.387296,        n.a.     n.a.
 2022-Jul-16 00:00, , ,   197.53155,   22.62002,   17.174,   n.a.,  52.8867513646259, 24.9082714,   75.3837,/T,    1.0711,   0.0284441,  163.42842,  53.868224,        n.a.     n.a.
 2022-Jul-17 00:00, , ,   197.53521,   22.60907,   17.174,   n.a.,  52.9011019600683, 24.7855248,   74.5535,/T,    1.0670,   0.0288511,  162.19973,  53.336698,        n.a.     n.a.
 2022-Jul-18 00:00, , ,   197.53918,   22.59804,   17.174,   n.a.,  52.9153797658830, 24.6561811,   73.7242,/T,    1.0626,   0.0292651,  161.00315,  52.793154,        n.a.     n.a.
 2022-Jul-19 00:00, , ,   197.54345,   22.58693,   17.175,   n.a.,  52.9295809289063, 24.5200956,   72.8961,/T,    1.0580,   0.0296854,  159.83775,  52.238070,        n.a.     n.a.
 2022-Jul-20 00:00, , ,   197.54803,   22.57575,   17.175,   n.a.,  52.9437015209518, 24.3771548,   72.0690,/T,    1.0532,   0.0301113,  158.70270,  51.671957,        n.a.     n.a.
 2022-Jul-21 00:00, , ,   197.55291,   22.56449,   17.175,   n.a.,  52.9577375584217, 24.2272802,   71.2431,/T,    1.0482,   0.0305420,  157.59722,  51.095346,        n.a.     n.a.
 2022-Jul-22 00:00, , ,   197.55809,   22.55315,   17.175,   n.a.,  52.9716850218107, 24.0704250,   70.4184,/T,    1.0430,   0.0309770,  156.52051,  50.508772,        n.a.     n.a.
 2022-Jul-23 00:00, , ,   197.56358,   22.54175,   17.175,   n.a.,  52.9855398722967, 23.9065680,   69.5950,/T,    1.0375,   0.0314157,  155.47180,  49.912766,        n.a.     n.a.
 2022-Jul-24 00:00, , ,   197.56937,   22.53029,   17.175,   n.a.,  52.9992980648099, 23.7357080,   68.7730,/T,    1.0319,   0.0318573,  154.45030,  49.307844,        n.a.     n.a.
 2022-Jul-25 00:00, , ,   197.57546,   22.51875,   17.175,   n.a.,  53.0129555582161, 23.5578593,   67.9524,/T,    1.0260,   0.0323012,  153.45522,  48.694510,        n.a.     n.a.
 2022-Jul-26 00:00, , ,   197.58185,   22.50716,   17.175,   n.a.,  53.0265083237176, 23.3730501,   67.1334,/T,    1.0200,   0.0327470,  152.48576,  48.073251,        n.a.     n.a.
 2022-Jul-27 00:00, , ,   197.58854,   22.49551,   17.175,   n.a.,  53.0399523525697, 23.1813217,   66.3159,/T,    1.0137,   0.0331939,  151.54112,  47.444544,        n.a.     n.a.
 2022-Jul-28 00:00, , ,   197.59553,   22.48381,   17.175,   n.a.,  53.0532836639649, 22.9827297,   65.5002,/T,    1.0072,   0.0336415,  150.62055,  46.808856,        n.a.     n.a.
 2022-Jul-29 00:00, , ,   197.60282,   22.47206,   17.175,   n.a.,  53.0664983135818, 22.7773453,   64.6862,/T,    1.0006,   0.0340892,  149.72326,  46.166645,        n.a.     n.a.
 2022-Jul-30 00:00, , ,   197.61039,   22.46025,   17.174,   n.a.,  53.0795924029451, 22.5652561,   63.8741,/T,    0.9937,   0.0345365,  148.84852,  45.518365,        n.a.     n.a.
 2022-Jul-31 00:00, , ,   197.61826,   22.44840,   17.174,   n.a.,  53.0925620894511, 22.3465680,   63.0640,/T,    0.9867,   0.0349829,  147.99558,  44.864461,        n.a.     n.a.
 2022-Aug-01 00:00, , ,   197.62642,   22.43651,   17.174,   n.a.,  53.1054035967602, 22.1214048,   62.2560,/T,    0.9795,   0.0354278,  147.16375,  44.205371,        n.a.     n.a.
 2022-Aug-02 00:00, , ,   197.63487,   22.42458,   17.174,   n.a.,  53.1181132252505, 21.8899082,   61.4502,/T,    0.9721,   0.0358709,  146.35232,  43.541522,        n.a.     n.a.
 2022-Aug-03 00:00, , ,   197.64360,   22.41262,   17.174,   n.a.,  53.1306873623328, 21.6522378,   60.6467,/T,    0.9645,   0.0363117,  145.56061,  42.873331,        n.a.     n.a.
 2022-Aug-04 00:00, , ,   197.65262,   22.40062,   17.173,   n.a.,  53.1431224925323, 21.4085702,   59.8456,/T,    0.9567,   0.0367499,  144.78796,  42.201203,        n.a.     n.a.
 2022-Aug-05 00:00, , ,   197.66192,   22.38859,   17.173,   n.a.,  53.1554152071758, 21.1590984,   59.0471,/T,    0.9488,   0.0371851,  144.03371,  41.525520,        n.a.     n.a.
 2022-Aug-06 00:00, , ,   197.67149,   22.37653,   17.173,   n.a.,  53.1675622131162, 20.9040288,   58.2512,/T,    0.9408,   0.0376171,  143.29721,  40.846642,        n.a.     n.a.
 2022-Aug-07 00:00, , ,   197.68135,   22.36445,   17.173,   n.a.,  53.1795603390682, 20.6435756,   57.4580,/T,    0.9325,   0.0380456,  142.57783,  40.164889,        n.a.     n.a.
 2022-Aug-08 00:00, , ,   197.69147,   22.35235,   17.172,   n.a.,  53.1914065369294, 20.3779487,   56.6678,/T,    0.9242,   0.0384706,  141.87489,  39.480519,        n.a.     n.a.
 2022-Aug-09 00:00, , ,   197.70187,   22.34023,   17.172,   n.a.,  53.2030978744286, 20.1073357,   55.8807,/T,    0.9157,   0.0388920,  141.18771,  38.793708,        n.a.     n.a.
 2022-Aug-10 00:00, , ,   197.71254,   22.32809,   17.171,   n.a.,  53.2146315155851, 19.8318785,   55.0966,/T,    0.9070,   0.0393099,  140.51555,  38.104531,        n.a.     n.a.
 2022-Aug-11 00:00, , ,   197.72347,   22.31594,   17.171,   n.a.,  53.2260046878833, 19.5516520,   54.3159,/T,    0.8982,   0.0397242,  139.85766,  37.412950,        n.a.     n.a.
 2022-Aug-12 00:00, , ,   197.73466,   22.30379,   17.171,   n.a.,  53.2372146398549, 19.2666539,   53.5387,/T,    0.8893,   0.0401351,  139.21323,  36.718839,        n.a.     n.a.
 2022-Aug-13 00:00, , ,   197.74612,   22.29162,   17.170,   n.a.,  53.2482585978955, 18.9768128,   52.7650,/T,    0.8802,   0.0405426,  138.58149,  36.022022,        n.a.     n.a.
 2022-Aug-14 00:00, , ,   197.75783,   22.27945,   17.170,   n.a.,  53.2591337331115, 18.6820140,   51.9950,/T,    0.8711,   0.0409466,  137.96172,  35.322326,        n.a.     n.a.
 2022-Aug-15 00:00, , ,   197.76980,   22.26728,   17.169,   n.a.,  53.2698371457437, 18.3821323,   51.2290,/T,    0.8618,   0.0413468,  137.35329,  34.619624,        n.a.     n.a.
 2022-Aug-16 00:00, , ,   197.78202,   22.25511,   17.169,   n.a.,  53.2803658680209, 18.0770612,   50.4671,/T,    0.8525,   0.0417430,  136.75562,  33.913862,        n.a.     n.a.
 2022-Aug-17 00:00, , ,   197.79450,   22.24294,   17.168,   n.a.,  53.2907168803432, 17.7667294,   49.7095,/T,    0.8430,   0.0421347,  136.16824,  33.205053,        n.a.     n.a.
 2022-Aug-18 00:00, , ,   197.80722,   22.23078,   17.167,   n.a.,  53.3008871334203, 17.4511053,   48.9565,/T,    0.8334,   0.0425217,  135.59071,  32.493268,        n.a.     n.a.
 2022-Aug-19 00:00, , ,   197.82020,   22.21862,   17.167,   n.a.,  53.3108735702067, 17.1301926,   48.2082,/T,    0.8238,   0.0429036,  135.02267,  31.778613,        n.a.     n.a.
 2022-Aug-20 00:00, , ,   197.83341,   22.20648,   17.166,   n.a.,  53.3206731442164, 16.8040228,   47.4649,/T,    0.8141,   0.0432799,  134.46376,  31.061214,        n.a.     n.a.
 2022-Aug-21 00:00, , ,   197.84686,   22.19436,   17.166,   n.a.,  53.3302828333088, 16.4726474,   46.7269,/T,    0.8043,   0.0436504,  133.91363,  30.341206,        n.a.     n.a.
 2022-Aug-22 00:00, , ,   197.86056,   22.18225,   17.165,   n.a.,  53.3396996496067, 16.1361329,   45.9945,/T,    0.7944,   0.0440147,  133.37197,  29.618724,        n.a.     n.a.
 2022-Aug-23 00:00, , ,   197.87449,   22.17016,   17.164,   n.a.,  53.3489206468945, 15.7945569,   45.2680,/T,    0.7845,   0.0443725,  132.83846,  28.893906,        n.a.     n.a.
 2022-Aug-24 00:00, , ,   197.88864,   22.15809,   17.164,   n.a.,  53.3579429269576, 15.4480079,   44.5476,/T,    0.7746,   0.0447236,  132.31280,  28.166890,        n.a.     n.a.
 2022-Aug-25 00:00, , ,   197.90303,   22.14606,   17.163,   n.a.,  53.3667636461425, 15.0965868,   43.8338,/T,    0.7646,   0.0450675,  131.79471,  27.437824,        n.a.     n.a.
 2022-Aug-26 00:00, , ,   197.91764,   22.13405,   17.162,   n.a.,  53.3753800230692, 14.7404088,   43.1268,/T,    0.7546,   0.0454039,  131.28391,  26.706864,        n.a.     n.a.
 2022-Aug-27 00:00, , ,   197.93248,   22.12207,   17.161,   n.a.,  53.3837893479850, 14.3796072,   42.4271,/T,    0.7446,   0.0457327,  130.78014,  25.974182,        n.a.     n.a.
 2022-Aug-28 00:00, , ,   197.94753,   22.11013,   17.161,   n.a.,  53.3919889937393, 14.0143352,   41.7351,/T,    0.7346,   0.0460535,  130.28317,  25.239968,        n.a.     n.a.
 2022-Aug-29 00:00, , ,   197.96279,   22.09823,   17.160,   n.a.,  53.3999764278577, 13.6447674,   41.0512,/T,    0.7246,   0.0463660,  129.79278,  24.504426,        n.a.     n.a.
 2022-Aug-30 00:00, , ,   197.97827,   22.08638,   17.159,   n.a.,  53.4077492247866, 13.2710992,   40.3758,/T,    0.7146,   0.0466701,  129.30877,  23.767774,        n.a.     n.a.
 2022-Aug-31 00:00, , ,   197.99395,   22.07456,   17.158,   n.a.,  53.4153050771822, 12.8935440,   39.7094,/T,    0.7046,   0.0469654,  128.83092,  23.030238,        n.a.     n.a.
 2022-Sep-01 00:00, , ,   198.00983,   22.06280,   17.158,   n.a.,  53.4226418051431, 12.5123288,   39.0525,/T,    0.6947,   0.0472519,  128.35907,  22.292040,        n.a.     n.a.
 2022-Sep-02 00:00, , ,   198.02591,   22.05108,   17.157,   n.a.,  53.4297573624595, 12.1276884,   38.4057,/T,    0.6849,   0.0475296,  127.89302,  21.553395,        n.a.     n.a.
 2022-Sep-03 00:00, , ,   198.04218,   22.03942,   17.156,   n.a.,  53.4366498390893, 11.7398583,   37.7694,/T,    0.6751,   0.0477982,  127.43260,  20.814499,        n.a.     n.a.
 2022-Sep-04 00:00, , ,   198.05865,   22.02782,   17.155,   n.a.,  53.4433174590225, 11.3490655,   37.1442,/T,    0.6654,   0.0480580,  126.97763,  20.075512,        n.a.     n.a.
 2022-Sep-05 00:00, , ,   198.07529,   22.01628,   17.154,   n.a.,  53.4497585724243, 10.9555179,   36.5308,/T,    0.6558,   0.0483089,  126.52790,  19.336552,        n.a.     n.a.
 2022-Sep-06 00:00, , ,   198.09212,   22.00480,   17.154,   n.a.,  53.4559716407369, 10.5593906,   35.9297,/T,    0.6463,   0.0485512,  126.08319,  18.597671,        n.a.     n.a.
 2022-Sep-07 00:00, , ,   198.10913,   21.99338,   17.153,   n.a.,  53.4619552137504, 10.1608121,   35.3417,/T,    0.6370,   0.0487850,  125.64325,  17.858847,        n.a.     n.a.
 2022-Sep-08 00:00, , ,   198.12631,   21.98203,   17.152,   n.a.,  53.4677078990881,  9.7598529,   34.7673,/T,    0.6278,   0.0490106,  125.20781,  17.119969,        n.a.     n.a.
 2022-Sep-09 00:00, , ,   198.14366,   21.97075,   17.151,   n.a.,  53.4732283271405,  9.3565216,   34.2074,/T,    0.6188,   0.0492281,  124.77655,  16.380846,        n.a.     n.a.
 2022-Sep-10 00:00, , ,   198.16117,   21.95955,   17.150,   n.a.,  53.4785151172939,  8.9507739,   33.6626,/T,    0.6099,   0.0494377,  124.34915,  15.641230,        n.a.     n.a.
 2022-Sep-11 00:00, , ,   198.17885,   21.94842,   17.150,   n.a.,  53.4835668525829,  8.5425324,   33.1337,/T,    0.6013,   0.0496393,  123.92525,  14.900853,        n.a.     n.a.
 2022-Sep-12 00:00, , ,   198.19668,   21.93736,   17.149,   n.a.,  53.4883820682285,  8.1317135,   32.6215,/T,    0.5928,   0.0498330,  123.50455,  14.159462,        n.a.     n.a.
 2022-Sep-13 00:00, , ,   198.21466,   21.92639,   17.148,   n.a.,  53.4929592553231,  7.7182515,   32.1269,/T,    0.5846,   0.0500185,  123.08674,  13.416858,        n.a.     n.a.
 2022-Sep-14 00:00, , ,   198.23280,   21.91549,   17.147,   n.a.,  53.4972968763984,  7.3021148,   31.6507,/T,    0.5767,   0.0501956,  122.67159,  12.672900,        n.a.     n.a.
 2022-Sep-15 00:00, , ,   198.25108,   21.90468,   17.146,   n.a.,  53.5013933870809,  6.8833112,   31.1938,/T,    0.5690,   0.0503641,  122.25885,  11.927514,        n.a.     n.a.
 2022-Sep-16 00:00, , ,   198.26950,   21.89396,   17.146,   n.a.,  53.5052472582122,  6.4618847,   30.7571,/T,    0.5616,   0.0505236,  121.84834,  11.180673,        n.a.     n.a.
 2022-Sep-17 00:00, , ,   198.28806,   21.88333,   17.145,   n.a.,  53.5088569947456,  6.0379080,   30.3415,/T,    0.5546,   0.0506741,  121.43988,  10.432383,        n.a.     n.a.
 2022-Sep-18 00:00, , ,   198.30676,   21.87279,   17.144,   n.a.,  53.5122211500161,  5.6114747,   29.9480,/T,    0.5478,   0.0508151,  121.03329,  9.6826750,        n.a.     n.a.
 2022-Sep-19 00:00, , ,   198.32558,   21.86235,   17.144,   n.a.,  53.5153383356933,  5.1826923,   29.5774,/T,    0.5415,   0.0509466,  120.62842,  8.9315867,        n.a.     n.a.
 2022-Sep-20 00:00, , ,   198.34453,   21.85200,   17.143,   n.a.,  53.5182072286617,  4.7516785,   29.2308,/T,    0.5355,   0.0510683,  120.22512,  8.1791633,        n.a.     n.a.
 2022-Sep-21 00:00, , ,   198.36359,   21.84176,   17.143,   n.a.,  53.5208265763947,  4.3185602,   28.9090,/T,    0.5299,   0.0511799,  119.82322,  7.4254550,        n.a.     n.a.
 2022-Sep-22 00:00, , ,   198.38278,   21.83162,   17.142,   n.a.,  53.5231952023596,  3.8834742,   28.6129,/T,    0.5247,   0.0512814,  119.42257,  6.6705203,        n.a.     n.a.
 2022-Sep-23 00:00, , ,   198.40207,   21.82158,   17.142,   n.a.,  53.5253120127521,  3.4465707,   28.3435,/T,    0.5199,   0.0513724,  119.02304,  5.9144318,        n.a.     n.a.
 2022-Sep-24 00:00, , ,   198.42147,   21.81165,   17.141,   n.a.,  53.5271760054648,  3.0080178,   28.1014,/T,    0.5156,   0.0514529,  118.62449,  5.1572832,        n.a.     n.a.
 2022-Sep-25 00:00, , ,   198.44097,   21.80183,   17.141,   n.a.,  53.5287862816002,  2.5680055,   27.8875,/T,    0.5117,   0.0515226,  118.22679,  4.3991958,        n.a.     n.a.
 2022-Sep-26 00:00, , ,   198.46057,   21.79213,   17.140,   n.a.,  53.5301420590450,  2.1267484,   27.7026,/T,    0.5083,   0.0515813,  117.82983,  3.6403234,        n.a.     n.a.
 2022-Sep-27 00:00, , ,   198.48025,   21.78254,   17.140,   n.a.,  53.5312426867142,  1.6844851,   27.5471,/T,    0.5054,   0.0516290,  117.43353,  2.8808510,        n.a.     n.a.
 2022-Sep-28 00:00, , ,   198.50003,   21.77308,   17.140,   n.a.,  53.5320876572983,  1.2414738,   27.4218,/T,    0.5030,   0.0516655,  117.03781,  2.1209888,        n.a.     n.a.
 2022-Sep-29 00:00, , ,   198.51988,   21.76373,   17.140,   n.a.,  53.5326766160263,  0.7979828,   27.3270,/T,    0.5011,   0.0516908,  116.64261,  1.3609599,        n.a.     n.a.
 2022-Sep-30 00:00, , ,   198.53981,   21.75450,   17.140,   n.a.,  53.5330093633100,  0.3542790,   27.2632,/T,    0.4998,   0.0517050,  116.24787,  0.6009841,        n.a.     n.a.
 2022-Oct-01 00:00, , ,   198.55981,   21.74541,   17.139,   n.a.,  53.5330858500939, -0.0893854,   27.2305,/T,    0.4989,   0.0517083,  115.85353,  -0.158740,        n.a.     n.a.
 2022-Oct-02 00:00, , ,   198.57987,   21.73644,   17.139,   n.a.,  53.5329061659228, -0.5327844,   27.2292,/T,    0.4986,   0.0517007,  115.45952,  -0.918050,        n.a.     n.a.
 2022-Oct-03 00:00, , ,   198.59999,   21.72760,   17.140,   n.a.,  53.5324705206799, -0.9757287,   27.2592,/T,    0.4989,   0.0516826,  115.06575,  -1.676835,        n.a.     n.a.
 2022-Oct-04 00:00, , ,   198.62017,   21.71889,   17.140,   n.a.,  53.5317792214467, -1.4180720,   27.3207,/T,    0.4996,   0.0516542,  114.67211,  -2.435041,        n.a.     n.a.
 2022-Oct-05 00:00, , ,   198.64040,   21.71032,   17.140,   n.a.,  53.5308326461064, -1.8597158,   27.4132,/T,    0.5009,   0.0516157,  114.27845,  -3.192683,        n.a.     n.a.
 2022-Oct-06 00:00, , ,   198.66067,   21.70189,   17.140,   n.a.,  53.5296312155533, -2.3006095,   27.5367,/T,    0.5027,   0.0515676,  113.88461,  -3.949842,        n.a.     n.a.
 2022-Oct-07 00:00, , ,   198.68098,   21.69359,   17.140,   n.a.,  53.5281753669026, -2.7407462,   27.6908,/T,    0.5050,   0.0515098,  113.49036,  -4.706661,        n.a.     n.a.
 2022-Oct-08 00:00, , ,   198.70133,   21.68543,   17.140,   n.a.,  53.5264655307779, -3.1801532,   27.8749,/T,    0.5078,   0.0514428,  113.09548,  -5.463337,        n.a.     n.a.
 2022-Oct-09 00:00, , ,   198.72171,   21.67742,   17.141,   n.a.,  53.5245021159972, -3.6188758,   28.0885,/T,    0.5111,   0.0513665,  112.69970,  -6.220096,        n.a.     n.a.
 2022-Oct-10 00:00, , ,   198.74211,   21.66955,   17.141,   n.a.,  53.5222855041808, -4.0569597,   28.3311,/T,    0.5149,   0.0512809,  112.30276,  -6.977169,        n.a.     n.a.
 2022-Oct-11 00:00, , ,   198.76253,   21.66182,   17.142,   n.a.,  53.5198160548649, -4.4944332,   28.6020,/T,    0.5192,   0.0511860,  111.90439,  -7.734768,        n.a.     n.a.
 2022-Oct-12 00:00, , ,   198.78298,   21.65424,   17.142,   n.a.,  53.5170941193050, -4.9312952,   28.9004,/T,    0.5239,   0.0510817,  111.50433,  -8.493067,        n.a.     n.a.
 2022-Oct-13 00:00, , ,   198.80343,   21.64681,   17.143,   n.a.,  53.5141200593717, -5.3675097,   29.2255,/T,    0.5290,   0.0509678,  111.10233,  -9.252191,        n.a.     n.a.
 2022-Oct-14 00:00, , ,   198.82389,   21.63953,   17.143,   n.a.,  53.5108942675025, -5.8030075,   29.5766,/T,    0.5345,   0.0508442,  110.69818,  -10.01222,        n.a.     n.a.
 2022-Oct-15 00:00, , ,   198.84435,   21.63241,   17.144,   n.a.,  53.5074171845227, -6.2376914,   29.9527,/L,    0.5405,   0.0507108,  110.29164,  -10.77320,        n.a.     n.a.
 2022-Oct-16 00:00, , ,   198.86481,   21.62544,   17.144,   n.a.,  53.5036893136473, -6.6714438,   30.3530,/L,    0.5468,   0.0505673,  109.88251,  -11.53513,        n.a.     n.a.
 2022-Oct-17 00:00, , ,   198.88526,   21.61862,   17.145,   n.a.,  53.4997112304338, -7.1041328,   30.7766,/L,    0.5534,   0.0504137,  109.47059,  -12.29801,        n.a.     n.a.
 2022-Oct-18 00:00, , ,   198.90570,   21.61196,   17.146,   n.a.,  53.4954835894899, -7.5356169,   31.2226,/L,    0.5604,   0.0502499,  109.05566,  -13.06182,        n.a.     n.a.
 2022-Oct-19 00:00, , ,   198.92612,   21.60547,   17.147,   n.a.,  53.4910071292794, -7.9657474,   31.6902,/L,    0.5677,   0.0500759,  108.63752,  -13.82654,        n.a.     n.a.
 2022-Oct-20 00:00, , ,   198.94652,   21.59913,   17.147,   n.a.,  53.4862826765647, -8.3943670,   32.1784,/L,    0.5754,   0.0498914,  108.21595,  -14.59213,        n.a.     n.a.
 2022-Oct-21 00:00, , ,   198.96688,   21.59296,   17.148,   n.a.,  53.4813111519697, -8.8213072,   32.6863,/L,    0.5832,   0.0496964,  107.79074,  -15.35853,        n.a.     n.a.
 2022-Oct-22 00:00, , ,   198.98722,   21.58696,   17.149,   n.a.,  53.4760935779133, -9.2463831,   33.2132,/L,    0.5914,   0.0494909,  107.36167,  -16.12570,        n.a.     n.a.
 2022-Oct-23 00:00, , ,   199.00751,   21.58112,   17.150,   n.a.,  53.4706310896686, -9.6693878,   33.7581,/L,    0.5997,   0.0492748,  106.92853,  -16.89353,        n.a.     n.a.
 2022-Oct-24 00:00, , ,   199.02776,   21.57545,   17.150,   n.a.,  53.4649249494277,-10.0900882,   34.3202,/L,    0.6083,   0.0490480,  106.49113,  -17.66188,        n.a.     n.a.
 2022-Oct-25 00:00, , ,   199.04796,   21.56995,   17.151,   n.a.,  53.4589765619616,-10.5082241,   34.8988,/L,    0.6171,   0.0488105,  106.04930,  -18.43058,        n.a.     n.a.
 2022-Oct-26 00:00, , ,   199.06811,   21.56462,   17.152,   n.a.,  53.4527874889634,-10.9235138,   35.4930,/L,    0.6261,   0.0485623,  105.60288,  -19.19938,        n.a.     n.a.
 2022-Oct-27 00:00, , ,   199.08819,   21.55947,   17.153,   n.a.,  53.4463594580497,-11.3356671,   36.1021,/L,    0.6352,   0.0483035,  105.15176,  -19.96802,        n.a.     n.a.
 2022-Oct-28 00:00, , ,   199.10820,   21.55450,   17.153,   n.a.,  53.4396943624813,-11.7444040,   36.7254,/L,    0.6445,   0.0480345,  104.69584,  -20.73621,        n.a.     n.a.
 2022-Oct-29 00:00, , ,   199.12815,   21.54969,   17.154,   n.a.,  53.4327942494039,-12.1494748,   37.3622,/L,    0.6539,   0.0477553,  104.23502,  -21.50368,        n.a.     n.a.
 2022-Oct-30 00:00, , ,   199.14801,   21.54507,   17.155,   n.a.,  53.4256612973504,-12.5506763,   38.0119,/L,    0.6634,   0.0474665,  103.76916,  -22.27017,        n.a.     n.a.
 2022-Oct-31 00:00, , ,   199.16779,   21.54063,   17.156,   n.a.,  53.4182977865583,-12.9478603,   38.6738,/L,    0.6729,   0.0471684,  103.29814,  -23.03551,        n.a.     n.a.
 2022-Nov-01 00:00, , ,   199.18748,   21.53636,   17.157,   n.a.,  53.4107060670048,-13.3409327,   39.3472,/L,    0.6826,   0.0468613,  102.82174,  -23.79960,        n.a.     n.a.
 2022-Nov-02 00:00, , ,   199.20708,   21.53228,   17.157,   n.a.,  53.4028885286093,-13.7298477,   40.0318,/L,    0.6924,   0.0465458,  102.33973,  -24.56237,        n.a.     n.a.
 2022-Nov-03 00:00, , ,   199.22658,   21.52838,   17.158,   n.a.,  53.3948475764949,-14.1145967,   40.7268,/L,    0.7021,   0.0462221,  101.85181,  -25.32385,        n.a.     n.a.
 2022-Nov-04 00:00, , ,   199.24598,   21.52466,   17.159,   n.a.,  53.3865856126100,-14.4951974,   41.4319,/L,    0.7120,   0.0458905,  101.35765,  -26.08409,        n.a.     n.a.
 2022-Nov-05 00:00, , ,   199.26527,   21.52112,   17.160,   n.a.,  53.3781050240383,-14.8716816,   42.1465,/L,    0.7218,   0.0455513,  100.85686,  -26.84319,        n.a.     n.a.
 2022-Nov-06 00:00, , ,   199.28444,   21.51776,   17.160,   n.a.,  53.3694081779554,-15.2440845,   42.8701,/L,    0.7317,   0.0452046,  100.34903,  -27.60127,        n.a.     n.a.
 2022-Nov-07 00:00, , ,   199.30350,   21.51459,   17.161,   n.a.,  53.3604974230433,-15.6124333,   43.6025,/L,    0.7416,   0.0448506,  99.833702,  -28.35845,        n.a.     n.a.
 2022-Nov-08 00:00, , ,   199.32244,   21.51161,   17.162,   n.a.,  53.3513750968506,-15.9767378,   44.3432,/L,    0.7514,   0.0444894,  99.310393,  -29.11485,        n.a.     n.a.
 2022-Nov-09 00:00, , ,   199.34125,   21.50881,   17.162,   n.a.,  53.3420435379924,-16.3369837,   45.0917,/L,    0.7613,   0.0441210,  98.778608,  -29.87058,        n.a.     n.a.
 2022-Nov-10 00:00, , ,   199.35993,   21.50619,   17.163,   n.a.,  53.3325051014218,-16.6931286,   45.8478,/L,    0.7711,   0.0437455,  98.237838,  -30.62570,        n.a.     n.a.
 2022-Nov-11 00:00, , ,   199.37847,   21.50377,   17.164,   n.a.,  53.3227621746247,-17.0451024,   46.6111,/L,    0.7808,   0.0433627,  97.687563,  -31.38024,        n.a.     n.a.
 2022-Nov-12 00:00, , ,   199.39688,   21.50153,   17.164,   n.a.,  53.3128171927128,-17.3928110,   47.3813,/L,    0.7905,   0.0429729,  97.127258,  -32.13420,        n.a.     n.a.
 2022-Nov-13 00:00, , ,   199.41514,   21.49947,   17.165,   n.a.,  53.3026726509913,-17.7361411,   48.1581,/L,    0.8002,   0.0425761,  96.556389,  -32.88755,        n.a.     n.a.
 2022-Nov-14 00:00, , ,   199.43324,   21.49761,   17.166,   n.a.,  53.2923311144224,-18.0749656,   48.9412,/L,    0.8098,   0.0421722,  95.974410,  -33.64022,        n.a.     n.a.
 2022-Nov-15 00:00, , ,   199.45120,   21.49594,   17.166,   n.a.,  53.2817952242252,-18.4091480,   49.7304,/L,    0.8193,   0.0417614,  95.380758,  -34.39212,        n.a.     n.a.
 2022-Nov-16 00:00, , ,   199.46899,   21.49445,   17.167,   n.a.,  53.2710677024699,-18.7385452,   50.5253,/L,    0.8287,   0.0413437,  94.774849,  -35.14314,        n.a.     n.a.
 2022-Nov-17 00:00, , ,   199.48662,   21.49316,   17.167,   n.a.,  53.2601513558993,-19.0630069,   51.3257,/L,    0.8381,   0.0409194,  94.156076,  -35.89318,        n.a.     n.a.
 2022-Nov-18 00:00, , ,   199.50408,   21.49205,   17.168,   n.a.,  53.2490490803695,-19.3823741,   52.1314,/L,    0.8473,   0.0404884,  93.523800,  -36.64209,        n.a.     n.a.
 2022-Nov-19 00:00, , ,   199.52136,   21.49114,   17.168,   n.a.,  53.2377638672637,-19.6964742,   52.9422,/L,    0.8564,   0.0400510,  92.877362,  -37.38973,        n.a.     n.a.
 2022-Nov-20 00:00, , ,   199.53847,   21.49042,   17.169,   n.a.,  53.2262988129448,-20.0051152,   53.7578,/L,    0.8654,   0.0396073,  92.216082,  -38.13590,        n.a.     n.a.
 2022-Nov-21 00:00, , ,   199.55539,   21.48989,   17.169,   n.a.,  53.2146571316027,-20.3080804,   54.5780,/L,    0.8743,   0.0391574,  91.539277,  -38.88038,        n.a.     n.a.
 2022-Nov-22 00:00, , ,   199.57212,   21.48955,   17.169,   n.a.,  53.2028421705460,-20.6051255,   55.4026,/L,    0.8831,   0.0387015,  90.846276,  -39.62289,        n.a.     n.a.
 2022-Nov-23 00:00, , ,   199.58866,   21.48941,   17.170,   n.a.,  53.1908574250536,-20.8959839,   56.2314,/L,    0.8917,   0.0382399,  90.136440,  -40.36308,        n.a.     n.a.
 2022-Nov-24 00:00, , ,   199.60500,   21.48946,   17.170,   n.a.,  53.1787065478873,-21.1803801,   57.0642,/L,    0.9001,   0.0377730,  89.409178,  -41.10050,        n.a.     n.a.
 2022-Nov-25 00:00, , ,   199.62114,   21.48970,   17.170,   n.a.,  53.1663933476669,-21.4580544,   57.9009,/L,    0.9084,   0.0373011,  88.663943,  -41.83469,        n.a.     n.a.
 2022-Nov-26 00:00, , ,   199.63706,   21.49013,   17.171,   n.a.,  53.1539217719765,-21.7287899,   58.7412,/L,    0.9166,   0.0368248,  87.900212,  -42.56514,        n.a.     n.a.
 2022-Nov-27 00:00, , ,   199.65278,   21.49075,   17.171,   n.a.,  53.1412958755514,-21.9924351,   59.5850,/L,    0.9246,   0.0363447,  87.117442,  -43.29134,        n.a.     n.a.
 2022-Nov-28 00:00, , ,   199.66827,   21.49157,   17.171,   n.a.,  53.1285197792946,-22.2489124,   60.4321,/L,    0.9324,   0.0358616,  86.315033,  -44.01286,        n.a.     n.a.
 2022-Nov-29 00:00, , ,   199.68355,   21.49257,   17.171,   n.a.,  53.1155976290047,-22.4982109,   61.2823,/L,    0.9400,   0.0353761,  85.492286,  -44.72932,        n.a.     n.a.
 2022-Nov-30 00:00, , ,   199.69860,   21.49377,   17.172,   n.a.,  53.1025335617685,-22.7403681,   62.1355,/L,    0.9475,   0.0348887,  84.648387,  -45.44038,        n.a.     n.a.
 2022-Dec-01 00:00, , ,   199.71342,   21.49515,   17.172,   n.a.,  53.0893316840689,-22.9754491,   62.9916,/L,    0.9548,   0.0344001,  83.782410,  -46.14578,        n.a.     n.a.
 2022-Dec-02 00:00, , ,   199.72801,   21.49673,   17.172,   n.a.,  53.0759960614682,-23.2035279,   63.8504,/L,    0.9619,   0.0339109,  82.893323,  -46.84528,        n.a.     n.a.
 2022-Dec-03 00:00, , ,   199.74236,   21.49849,   17.172,   n.a.,  53.0625307172571,-23.4246752,   64.7119,/L,    0.9688,   0.0334215,  81.979998,  -47.53864,        n.a.     n.a.
 2022-Dec-04 00:00, , ,   199.75647,   21.50044,   17.172,   n.a.,  53.0489396369720,-23.6389500,   65.5758,/L,    0.9755,   0.0329324,  81.041229,  -48.22561,        n.a.     n.a.
 2022-Dec-05 00:00, , ,   199.77033,   21.50257,   17.172,   n.a.,  53.0352267763846,-23.8463959,   66.4422,/L,    0.9820,   0.0324441,  80.075731,  -48.90592,        n.a.     n.a.
 2022-Dec-06 00:00, , ,   199.78395,   21.50489,   17.172,   n.a.,  53.0213960715257,-24.0470374,   67.3109,/L,    0.9883,   0.0319569,  79.082157,  -49.57929,        n.a.     n.a.
 2022-Dec-07 00:00, , ,   199.79732,   21.50739,   17.172,   n.a.,  53.0074514499660,-24.2408789,   68.1818,/L,    0.9944,   0.0314715,  78.059095,  -50.24538,        n.a.     n.a.
 2022-Dec-08 00:00, , ,   199.81043,   21.51008,   17.172,   n.a.,  52.9933968428128,-24.4279037,   69.0548,/L,    1.0003,   0.0309881,  77.005085,  -50.90381,        n.a.     n.a.
 2022-Dec-09 00:00, , ,   199.82329,   21.51295,   17.172,   n.a.,  52.9792361968263,-24.6080746,   69.9299,/L,    1.0059,   0.0305074,  75.918622,  -51.55416,        n.a.     n.a.
 2022-Dec-10 00:00, , ,   199.83588,   21.51600,   17.172,   n.a.,  52.9649734859369,-24.7813351,   70.8069,/L,    1.0114,   0.0300297,  74.798168,  -52.19595,        n.a.     n.a.
 2022-Dec-11 00:00, , ,   199.84821,   21.51923,   17.172,   n.a.,  52.9506127214424,-24.9476128,   71.6859,/L,    1.0166,   0.0295557,  73.642164,  -52.82865,        n.a.     n.a.
 2022-Dec-12 00:00, , ,   199.86028,   21.52264,   17.172,   n.a.,  52.9361579603735,-25.1068223,   72.5666,/L,    1.0216,   0.0290859,  72.449035,  -53.45166,        n.a.     n.a.
 2022-Dec-13 00:00, , ,   199.87207,   21.52623,   17.172,   n.a.,  52.9216133118892,-25.2588689,   73.4490,/L,    1.0264,   0.0286209,  71.217199,  -54.06433,        n.a.     n.a.
 2022-Dec-14 00:00, , ,   199.88359,   21.53000,   17.172,   n.a.,  52.9069829420119,-25.4036508,   74.3331,/L,    1.0310,   0.0281614,  69.945074,  -54.66596,        n.a.     n.a.
 2022-Dec-15 00:00, , ,   199.89483,   21.53394,   17.171,   n.a.,  52.8922710774179,-25.5410598,   75.2188,/L,    1.0353,   0.0277081,  68.631087,  -55.25579,        n.a.     n.a.
 2022-Dec-16 00:00, , ,   199.90579,   21.53806,   17.171,   n.a.,  52.8774820092983,-25.6709802,   76.1060,/L,    1.0394,   0.0272617,  67.273681,  -55.83301,        n.a.     n.a.
 2022-Dec-17 00:00, , ,   199.91646,   21.54235,   17.171,   n.a.,  52.8626200984390,-25.7932859,   76.9946,/L,    1.0432,   0.0268229,  65.871341,  -56.39676,        n.a.     n.a.
 2022-Dec-18 00:00, , ,   199.92685,   21.54681,   17.171,   n.a.,  52.8476897825775,-25.9078359,   77.8845,/L,    1.0468,   0.0263926,  64.422614,  -56.94611,        n.a.     n.a.
 2022-Dec-19 00:00, , ,   199.93694,   21.55145,   17.170,   n.a.,  52.8326955866335,-26.0144685,   78.7757,/L,    1.0502,   0.0259715,  62.926162,  -57.48007,        n.a.     n.a.
 2022-Dec-20 00:00, , ,   199.94675,   21.55625,   17.170,   n.a.,  52.8176421353747,-26.1129994,   79.6681,/L,    1.0533,   0.0255607,  61.380825,  -57.99757,        n.a.     n.a.
 2022-Dec-21 00:00, , ,   199.95625,   21.56123,   17.170,   n.a.,  52.8025341662977,-26.2032239,   80.5616,/L,    1.0561,   0.0251609,  59.785708,  -58.49748,        n.a.     n.a.
 2022-Dec-22 00:00, , ,   199.96546,   21.56637,   17.169,   n.a.,  52.7873765381792,-26.2849296,   81.4561,/L,    1.0588,   0.0247732,  58.140276,  -58.97859,        n.a.     n.a.
 2022-Dec-23 00:00, , ,   199.97436,   21.57168,   17.169,   n.a.,  52.7721742289202,-26.3579214,   82.3516,/L,    1.0611,   0.0243986,  56.444430,  -59.43960,        n.a.     n.a.
 2022-Dec-24 00:00, , ,   199.98296,   21.57715,   17.169,   n.a.,  52.7569323168351,-26.4220521,   83.2478,/L,    1.0632,   0.0240382,  54.698542,  -59.87919,        n.a.     n.a.
 2022-Dec-25 00:00, , ,   199.99125,   21.58278,   17.168,   n.a.,  52.7416559439593,-26.4772519,   84.1449,/L,    1.0651,   0.0236931,  52.903418,  -60.29607,        n.a.     n.a.
 2022-Dec-26 00:00, , ,   199.99923,   21.58857,   17.168,   n.a.,  52.7263502672056,-26.5235393,   85.0425,/L,    1.0667,   0.0233647,  51.060210,  -60.68894,        n.a.     n.a.
 2022-Dec-27 00:00, , ,   200.00690,   21.59451,   17.167,   n.a.,  52.7110204090653,-26.5610114,   85.9407,/L,    1.0680,   0.0230539,  49.170324,  -61.05660,        n.a.     n.a.
 2022-Dec-28 00:00, , ,   200.01425,   21.60061,   17.167,   n.a.,  52.6956714197108,-26.5898163,   86.8394,/L,    1.0691,   0.0227620,  47.235356,  -61.39792,        n.a.     n.a.
 2022-Dec-29 00:00, , ,   200.02129,   21.60687,   17.166,   n.a.,  52.6803082567646,-26.6101214,   87.7385,/L,    1.0699,   0.0224898,  45.257100,  -61.71183,        n.a.     n.a.
 2022-Dec-30 00:00, , ,   200.02801,   21.61327,   17.165,   n.a.,  52.6649357818360,-26.6220884,   88.6379,/L,    1.0705,   0.0222385,  43.237587,  -61.99731,        n.a.     n.a.
 2022-Dec-31 00:00, , ,   200.03441,   21.61982,   17.165,   n.a.,  52.6495587684525,-26.6258593,   89.5376,/L,    1.0708,   0.0220089,  41.179152,  -62.25338,        n.a.     n.a.
 2023-Jan-01 00:00, , ,   200.04049,   21.62651,   17.164,   n.a.,  52.6341819153285,-26.6215509,   90.4375,/L,    1.0709,   0.0218017,  39.084481,  -62.47912,        n.a.     n.a.
 2023-Jan-02 00:00, , ,   200.04625,   21.63335,   17.163,   n.a.,  52.6188098605987,-26.6092565,   91.3375,/L,    1.0707,   0.0216177,  36.956649,  -62.67365,        n.a.     n.a.
 2023-Jan-03 00:00, , ,   200.05169,   21.64032,   17.163,   n.a.,  52.6034471948338,-26.5890481,   92.2375,/L,    1.0702,   0.0214575,  34.799124,  -62.83614,        n.a.     n.a.
 2023-Jan-04 00:00, , ,   200.05680,   21.64744,   17.162,   n.a.,  52.5880984722912,-26.5609799,   93.1376,/L,    1.0695,   0.0213218,  32.615752,  -62.96584,        n.a.     n.a.
 2023-Jan-05 00:00, , ,   200.06159,   21.65469,   17.161,   n.a.,  52.5727682206960,-26.5250898,   94.0376,/L,    1.0685,   0.0212109,  30.410730,  -63.06208,        n.a.     n.a.
 2023-Jan-06 00:00, , ,   200.06606,   21.66207,   17.161,   n.a.,  52.5574609500611,-26.4814014,   94.9374,/L,    1.0673,   0.0211252,  28.188563,  -63.12425,        n.a.     n.a.
 2023-Jan-07 00:00, , ,   200.07019,   21.66958,   17.160,   n.a.,  52.5421811609107,-26.4299242,   95.8371,/L,    1.0658,   0.0210651,  25.954009,  -63.15188,        n.a.     n.a.
 2023-Jan-08 00:00, , ,   200.07400,   21.67721,   17.159,   n.a.,  52.5269333519966,-26.3706549,   96.7366,/L,    1.0640,   0.0210306,  23.712021,  -63.14459,        n.a.     n.a.
 2023-Jan-09 00:00, , ,   200.07749,   21.68497,   17.158,   n.a.,  52.5117220273849,-26.3035787,   97.6358,/L,    1.0620,   0.0210218,  21.467678,  -63.10210,        n.a.     n.a.
 2023-Jan-10 00:00, , ,   200.08064,   21.69286,   17.157,   n.a.,  52.4965517027172,-26.2286706,   98.5345,/L,    1.0598,   0.0210386,  19.226113,  -63.02428,        n.a.     n.a.
 2023-Jan-11 00:00, , ,   200.08347,   21.70086,   17.157,   n.a.,  52.4814269105616,-26.1458972,   99.4329,/L,    1.0573,   0.0210809,  16.992432,  -62.91111,        n.a.     n.a.
 2023-Jan-12 00:00, , ,   200.08596,   21.70898,   17.156,   n.a.,  52.4663522050100,-26.0552174,  100.3308,/L,    1.0545,   0.0211483,  14.771635,  -62.76267,        n.a.     n.a.
 2023-Jan-13 00:00, , ,   200.08812,   21.71722,   17.155,   n.a.,  52.4513321659623,-25.9565829,  101.2280,/L,    1.0515,   0.0212404,  12.568541,  -62.57918,        n.a.     n.a.
 2023-Jan-14 00:00, , ,   200.08996,   21.72557,   17.154,   n.a.,  52.4363714037713,-25.8499362,  102.1247,/L,    1.0482,   0.0213567,  10.387715,  -62.36099,        n.a.     n.a.
 2023-Jan-15 00:00, , ,   200.09145,   21.73402,   17.153,   n.a.,  52.4214745649757,-25.7352090,  103.0206,/L,    1.0447,   0.0214965,  8.2334123,  -62.10852,        n.a.     n.a.
 2023-Jan-16 00:00, , ,   200.09262,   21.74259,   17.152,   n.a.,  52.4066463396086,-25.6123186,  103.9157,/L,    1.0409,   0.0216592,  6.1095478,  -61.82232,        n.a.     n.a.
 2023-Jan-17 00:00, , ,   200.09345,   21.75125,   17.151,   n.a.,  52.3918914698578,-25.4811670,  104.8099,/L,    1.0369,   0.0218438,  4.0196804,  -61.50302,        n.a.     n.a.
 2023-Jan-18 00:00, , ,   200.09395,   21.76002,   17.150,   n.a.,  52.3772147585267,-25.3416433,  105.7031,/L,    1.0327,   0.0220495,  1.9670292,  -61.15136,        n.a.     n.a.
 2023-Jan-19 00:00, , ,   200.09412,   21.76888,   17.149,   n.a.,  52.3626210738417,-25.1936345,  106.5952,/L,    1.0282,   0.0222751,  359.95450,  -60.76818,        n.a.     n.a.
 2023-Jan-20 00:00, , ,   200.09395,   21.77784,   17.148,   n.a.,  52.3481153452830,-25.0370458,  107.4861,/L,    1.0235,   0.0225195,  357.98474,  -60.35445,        n.a.     n.a.
 2023-Jan-21 00:00, , ,   200.09345,   21.78689,   17.147,   n.a.,  52.3337025447519,-24.8718303,  108.3758,/L,    1.0185,   0.0227815,  356.06008,  -59.91126,        n.a.     n.a.
 2023-Jan-22 00:00, , ,   200.09262,   21.79602,   17.146,   n.a.,  52.3193876503611,-24.6980175,  109.2639,/L,    1.0133,   0.0230598,  354.18256,  -59.43982,        n.a.     n.a.
 2023-Jan-23 00:00, , ,   200.09146,   21.80524,   17.144,   n.a.,  52.3051755968008,-24.5157289,  110.1505,/L,    1.0079,   0.0233531,  352.35380,  -58.94144,        n.a.     n.a.
 2023-Jan-24 00:00, , ,   200.08996,   21.81454,   17.143,   n.a.,  52.2910712234845,-24.3251695,  111.0355,/L,    1.0022,   0.0236602,  350.57490,  -58.41744,        n.a.     n.a.
 2023-Jan-25 00:00, , ,   200.08813,   21.82392,   17.142,   n.a.,  52.2770792342268,-24.1265977,  111.9186,/L,    0.9963,   0.0239798,  348.84637,  -57.86914,        n.a.     n.a.
 2023-Jan-26 00:00, , ,   200.08598,   21.83336,   17.141,   n.a.,  52.2632041774470,-23.9202871,  112.7997,/L,    0.9902,   0.0243110,  347.16820,  -57.29777,        n.a.     n.a.
 2023-Jan-27 00:00, , ,   200.08350,   21.84288,   17.140,   n.a.,  52.2494504471164,-23.7064947,  113.6788,/L,    0.9839,   0.0246527,  345.53990,  -56.70447,        n.a.     n.a.
 2023-Jan-28 00:00, , ,   200.08069,   21.85247,   17.139,   n.a.,  52.2358222978394,-23.4854445,  114.5557,/L,    0.9774,   0.0250040,  343.96060,  -56.09030,        n.a.     n.a.
 2023-Jan-29 00:00, , ,   200.07756,   21.86211,   17.137,   n.a.,  52.2223238656514,-23.2573235,  115.4302,/L,    0.9706,   0.0253640,  342.42922,  -55.45624,        n.a.     n.a.
 2023-Jan-30 00:00, , ,   200.07411,   21.87182,   17.136,   n.a.,  52.2089591882079,-23.0222865,  116.3023,/L,    0.9637,   0.0257319,  340.94448,  -54.80321,        n.a.     n.a.
 2023-Jan-31 00:00, , ,   200.07033,   21.88157,   17.135,   n.a.,  52.1957322212913,-22.7804635,  117.1718,/L,    0.9565,   0.0261068,  339.50499,  -54.13206,        n.a.     n.a.
 2023-Feb-01 00:00, , ,   200.06624,   21.89138,   17.134,   n.a.,  52.1826468511208,-22.5319663,  118.0385,/L,    0.9492,   0.0264879,  338.10930,  -53.44362,        n.a.     n.a.
 2023-Feb-02 00:00, , ,   200.06183,   21.90124,   17.132,   n.a.,  52.1697069033169,-22.2768934,  118.9024,/L,    0.9416,   0.0268745,  336.75591,  -52.73864,        n.a.     n.a.
 2023-Feb-03 00:00, , ,   200.05711,   21.91115,   17.131,   n.a.,  52.1569161498010,-22.0153327,  119.7632,/L,    0.9339,   0.0272658,  335.44329,  -52.01785,        n.a.     n.a.
 2023-Feb-04 00:00, , ,   200.05208,   21.92109,   17.130,   n.a.,  52.1442783147905,-21.7473615,  120.6208,/L,    0.9260,   0.0276611,  334.16988,  -51.28192,        n.a.     n.a.
 2023-Feb-05 00:00, , ,   200.04674,   21.93107,   17.128,   n.a.,  52.1317970806916,-21.4730471,  121.4751,/L,    0.9180,   0.0280598,  332.93414,  -50.53149,        n.a.     n.a.
 2023-Feb-06 00:00, , ,   200.04109,   21.94109,   17.127,   n.a.,  52.1194760942661,-21.1924456,  122.3258,/L,    0.9097,   0.0284612,  331.73452,  -49.76714,        n.a.     n.a.
 2023-Feb-07 00:00, , ,   200.03513,   21.95113,   17.126,   n.a.,  52.1073189730867,-20.9056020,  123.1729,/L,    0.9013,   0.0288647,  330.56948,  -48.98939,        n.a.     n.a.
 2023-Feb-08 00:00, , ,   200.02887,   21.96121,   17.124,   n.a.,  52.0953293120515,-20.6125499,  124.0161,/L,    0.8928,   0.0292697,  329.43753,  -48.19877,        n.a.     n.a.
 2023-Feb-09 00:00, , ,   200.02231,   21.97131,   17.123,   n.a.,  52.0835106896604,-20.3133125,  124.8552,/L,    0.8841,   0.0296756,  328.33718,  -47.39572,        n.a.     n.a.
 2023-Feb-10 00:00, , ,   200.01545,   21.98143,   17.122,   n.a.,  52.0718666738495,-20.0079034,  125.6900,/L,    0.8752,   0.0300819,  327.26702,  -46.58068,        n.a.     n.a.
 2023-Feb-11 00:00, , ,   200.00829,   21.99156,   17.120,   n.a.,  52.0604008273573,-19.6963271,  126.5203,/L,    0.8663,   0.0304879,  326.22565,  -45.75406,        n.a.     n.a.
 2023-Feb-12 00:00, , ,   200.00084,   22.00171,   17.119,   n.a.,  52.0491167127519,-19.3785798,  127.3458,/L,    0.8572,   0.0308932,  325.21174,  -44.91622,        n.a.     n.a.
 2023-Feb-13 00:00, , ,   199.99310,   22.01187,   17.117,   n.a.,  52.0380178972116,-19.0546494,  128.1664,/L,    0.8479,   0.0312971,  324.22399,  -44.06753,        n.a.     n.a.
 2023-Feb-14 00:00, , ,   199.98507,   22.02203,   17.116,   n.a.,  52.0271079567852,-18.7245176,  128.9817,/L,    0.8386,   0.0316991,  323.26117,  -43.20834,        n.a.     n.a.
 2023-Feb-15 00:00, , ,   199.97675,   22.03220,   17.115,   n.a.,  52.0163904790503,-18.3881640,  129.7915,/L,    0.8291,   0.0320985,  322.32213,  -42.33898,        n.a.     n.a.
 2023-Feb-16 00:00, , ,   199.96816,   22.04237,   17.113,   n.a.,  52.0058690618891,-18.0455755,  130.5954,/L,    0.8196,   0.0324948,  321.40576,  -41.45985,        n.a.     n.a.
 2023-Feb-17 00:00, , ,   199.95928,   22.05253,   17.112,   n.a.,  51.9955473048764,-17.6967625,  131.3932,/L,    0.8100,   0.0328871,  320.51106,  -40.57136,        n.a.     n.a.
 2023-Feb-18 00:00, , ,   199.95012,   22.06269,   17.110,   n.a.,  51.9854287894349,-17.3417814,  132.1844,/L,    0.8002,   0.0332748,  319.63715,  -39.67404,        n.a.     n.a.
 2023-Feb-19 00:00, , ,   199.94069,   22.07283,   17.109,   n.a.,  51.9755170456861,-16.9807569,  132.9688,/L,    0.7905,   0.0336570,  318.78323,  -38.76850,        n.a.     n.a.
 2023-Feb-20 00:00, , ,   199.93099,   22.08296,   17.107,   n.a.,  51.9658155084910,-16.6138950,  133.7460,/L,    0.7806,   0.0340331,  317.94860,  -37.85542,        n.a.     n.a.
 2023-Feb-21 00:00, , ,   199.92103,   22.09306,   17.106,   n.a.,  51.9563274710642,-16.2414773,  134.5155,/L,    0.7707,   0.0344025,  317.13261,  -36.93552,        n.a.     n.a.
 2023-Feb-22 00:00, , ,   199.91080,   22.10314,   17.104,   n.a.,  51.9470560480022,-15.8638350,  135.2770,/L,    0.7608,   0.0347645,  316.33461,  -36.00952,        n.a.     n.a.
 2023-Feb-23 00:00, , ,   199.90032,   22.11319,   17.103,   n.a.,  51.9380041572294,-15.4813117,  136.0299,/L,    0.7508,   0.0351190,  315.55392,  -35.07802,        n.a.     n.a.
 2023-Feb-24 00:00, , ,   199.88958,   22.12321,   17.102,   n.a.,  51.9291745230236,-15.0942299,  136.7739,/L,    0.7409,   0.0354656,  314.78983,  -34.14151,        n.a.     n.a.
 2023-Feb-25 00:00, , ,   199.87860,   22.13320,   17.100,   n.a.,  51.9205696947381,-14.7028708,  137.5084,/L,    0.7309,   0.0358042,  314.04158,  -33.20037,        n.a.     n.a.
 2023-Feb-26 00:00, , ,   199.86737,   22.14314,   17.099,   n.a.,  51.9121920724168,-14.3074705,  138.2330,/L,    0.7209,   0.0361348,  313.30841,  -32.25491,        n.a.     n.a.
 2023-Feb-27 00:00, , ,   199.85591,   22.15304,   17.097,   n.a.,  51.9040439317102,-13.9082252,  138.9470,/L,    0.7110,   0.0364572,  312.58953,  -31.30533,        n.a.     n.a.
 2023-Feb-28 00:00, , ,   199.84421,   22.16289,   17.096,   n.a.,  51.8961274439398,-13.5053017,  139.6500,/L,    0.7011,   0.0367714,  311.88421,  -30.35183,        n.a.     n.a.
 2023-Mar-01 00:00, , ,   199.83228,   22.17270,   17.094,   n.a.,  51.8884446903662,-13.0988465,  140.3414,/L,    0.6913,   0.0370773,  311.19170,  -29.39456,        n.a.     n.a.
 2023-Mar-02 00:00, , ,   199.82012,   22.18245,   17.093,   n.a.,  51.8809976716502,-12.6889931,  141.0206,/L,    0.6815,   0.0373747,  310.51132,  -28.43368,        n.a.     n.a.
 2023-Mar-03 00:00, , ,   199.80774,   22.19214,   17.092,   n.a.,  51.8737883142168,-12.2758655,  141.6869,/L,    0.6718,   0.0376637,  309.84240,  -27.46933,        n.a.     n.a.
 2023-Mar-04 00:00, , ,   199.79515,   22.20177,   17.090,   n.a.,  51.8668184752225,-11.8595795,  142.3396,/L,    0.6623,   0.0379440,  309.18429,  -26.50164,        n.a.     n.a.
 2023-Mar-05 00:00, , ,   199.78235,   22.21133,   17.089,   n.a.,  51.8600899474680,-11.4402420,  142.9781,/L,    0.6528,   0.0382157,  308.53638,  -25.53071,        n.a.     n.a.
 2023-Mar-06 00:00, , ,   199.76933,   22.22083,   17.088,   n.a.,  51.8536044651231,-11.0179487,  143.6017,/L,    0.6435,   0.0384787,  307.89807,  -24.55665,        n.a.     n.a.
 2023-Mar-07 00:00, , ,   199.75612,   22.23026,   17.086,   n.a.,  51.8473637106216,-10.5927828,  144.2095,/L,    0.6344,   0.0387328,  307.26878,  -23.57952,        n.a.     n.a.
 2023-Mar-08 00:00, , ,   199.74271,   22.23961,   17.085,   n.a.,  51.8413693225941,-10.1648126,  144.8007,/L,    0.6254,   0.0389781,  306.64793,  -22.59937,        n.a.     n.a.
 2023-Mar-09 00:00, , ,   199.72911,   22.24889,   17.084,   n.a.,  51.8356229043018, -9.7340923,  145.3747,/L,    0.6166,   0.0392145,  306.03498,  -21.61623,        n.a.     n.a.
 2023-Mar-10 00:00, , ,   199.71532,   22.25809,   17.083,   n.a.,  51.8301260317651, -9.3006625,  145.9304,/L,    0.6080,   0.0394417,  305.42938,  -20.63010,        n.a.     n.a.
 2023-Mar-11 00:00, , ,   199.70134,   22.26720,   17.081,   n.a.,  51.8248802607204, -8.8645534,  146.4671,/L,    0.5997,   0.0396598,  304.83058,  -19.64099,        n.a.     n.a.
 2023-Mar-12 00:00, , ,   199.68719,   22.27623,   17.080,   n.a.,  51.8198871316507, -8.4257883,  146.9837,/L,    0.5916,   0.0398686,  304.23808,  -18.64888,        n.a.     n.a.
 2023-Mar-13 00:00, , ,   199.67286,   22.28517,   17.079,   n.a.,  51.8151481723212, -7.9843888,  147.4794,/L,    0.5838,   0.0400679,  303.65137,  -17.65377,        n.a.     n.a.
 2023-Mar-14 00:00, , ,   199.65837,   22.29401,   17.078,   n.a.,  51.8106648973457, -7.5403798,  147.9533,/L,    0.5763,   0.0402574,  303.06997,  -16.65567,        n.a.     n.a.
 2023-Mar-15 00:00, , ,   199.64371,   22.30276,   17.077,   n.a.,  51.8064388041591, -7.0937973,  148.4043,/L,    0.5691,   0.0404369,  302.49341,  -15.65461,        n.a.     n.a.
 2023-Mar-16 00:00, , ,   199.62889,   22.31141,   17.076,   n.a.,  51.8024713643776, -6.6446965,  148.8315,/L,    0.5622,   0.0406060,  301.92125,  -14.65066,        n.a.     n.a.
 2023-Mar-17 00:00, , ,   199.61392,   22.31996,   17.075,   n.a.,  51.7987640090936, -6.1931645,  149.2339,/L,    0.5557,   0.0407645,  301.35308,  -13.64395,        n.a.     n.a.
 2023-Mar-18 00:00, , ,   199.59880,   22.32840,   17.074,   n.a.,  51.7953181066870, -5.7393339,  149.6106,/L,    0.5496,   0.0409118,  300.78855,  -12.63470,        n.a.     n.a.
 2023-Mar-19 00:00, , ,   199.58354,   22.33673,   17.074,   n.a.,  51.7921349328617, -5.2833947,  149.9606,/L,    0.5439,   0.0410477,  300.22733,  -11.62322,        n.a.     n.a.
 2023-Mar-20 00:00, , ,   199.56814,   22.34495,   17.073,   n.a.,  51.7892156351754, -4.8256006,  150.2829,/L,    0.5386,   0.0411716,  299.66916,  -10.60991,        n.a.     n.a.
 2023-Mar-21 00:00, , ,   199.55261,   22.35305,   17.072,   n.a.,  51.7865611976851, -4.3662618,  150.5768,/L,    0.5338,   0.0412835,  299.11383,  -9.595268,        n.a.     n.a.
 2023-Mar-22 00:00, , ,   199.53696,   22.36104,   17.071,   n.a.,  51.7841724135963, -3.9057245,  150.8414,/L,    0.5294,   0.0413829,  298.56118,  -8.579826,        n.a.     n.a.
 2023-Mar-23 00:00, , ,   199.52119,   22.36890,   17.071,   n.a.,  51.7820498728712, -3.4443412,  151.0759,/L,    0.5255,   0.0414700,  298.01104,  -7.564096,        n.a.     n.a.
 2023-Mar-24 00:00, , ,   199.50530,   22.37664,   17.070,   n.a.,  51.7801939672772, -2.9824415,  151.2796,/L,    0.5221,   0.0415448,  297.46324,  -6.548532,        n.a.     n.a.
 2023-Mar-25 00:00, , ,   199.48931,   22.38425,   17.070,   n.a.,  51.7786049096473, -2.5203133,  151.4520,/L,    0.5192,   0.0416074,  296.91760,  -5.533494,        n.a.     n.a.
 2023-Mar-26 00:00, , ,   199.47322,   22.39173,   17.070,   n.a.,  51.7772827604284, -2.0581965,  151.5924,/L,    0.5168,   0.0416581,  296.37388,  -4.519254,        n.a.     n.a.
 2023-Mar-27 00:00, , ,   199.45703,   22.39908,   17.069,   n.a.,  51.7762274544299, -1.5962876,  151.7005,/L,    0.5150,   0.0416970,  295.83183,  -3.506009,        n.a.     n.a.
 2023-Mar-28 00:00, , ,   199.44075,   22.40629,   17.069,   n.a.,  51.7754388231037, -1.1347498,  151.7760,/L,    0.5137,   0.0417243,  295.29117,  -2.493904,        n.a.     n.a.
 2023-Mar-29 00:00, , ,   199.42440,   22.41336,   17.069,   n.a.,  51.7749166107065, -0.6737234,  151.8187,/L,    0.5129,   0.0417403,  294.75161,  -1.483050,        n.a.     n.a.
 2023-Mar-30 00:00, , ,   199.40796,   22.42029,   17.069,   n.a.,  51.7746604849247, -0.2133345,  151.8284,/L,    0.5127,   0.0417451,  294.21284,  -0.473547,        n.a.     n.a.
 2023-Mar-31 00:00, , ,   199.39146,   22.42708,   17.069,   n.a.,  51.7746700436328,  0.2463006,  151.8052,/L,    0.5131,   0.0417389,  293.67458,  0.5345165,        n.a.     n.a.
 2023-Apr-01 00:00, , ,   199.37489,   22.43372,   17.069,   n.a.,  51.7749448196905,  0.7050731,  151.7492,/L,    0.5140,   0.0417218,  293.13651,  1.5410538,        n.a.     n.a.
 2023-Apr-02 00:00, , ,   199.35827,   22.44021,   17.070,   n.a.,  51.7754842854533,  1.1628826,  151.6608,/L,    0.5154,   0.0416940,  292.59834,  2.5459857,        n.a.     n.a.
 2023-Apr-03 00:00, , ,   199.34159,   22.44656,   17.070,   n.a.,  51.7762878582479,  1.6196394,  151.5402,/L,    0.5174,   0.0416557,  292.05975,  3.5492450,        n.a.     n.a.
 2023-Apr-04 00:00, , ,   199.32486,   22.45275,   17.070,   n.a.,  51.7773549075478,  2.0752680,  151.3880,/L,    0.5199,   0.0416070,  291.52042,  4.5507837,        n.a.     n.a.
 2023-Apr-05 00:00, , ,   199.30810,   22.45879,   17.071,   n.a.,  51.7786847639877,  2.5297099,  151.2047,/L,    0.5229,   0.0415481,  290.98002,  5.5505800,        n.a.     n.a.
 2023-Apr-06 00:00, , ,   199.29129,   22.46467,   17.071,   n.a.,  51.7802767296891,  2.9829249,  150.9909,/L,    0.5265,   0.0414791,  290.43820,  6.5486432,        n.a.     n.a.
 2023-Apr-07 00:00, , ,   199.27446,   22.47040,   17.072,   n.a.,  51.7821300886955,  3.4348901,  150.7474,/L,    0.5305,   0.0414002,  289.89459,  7.5450141,        n.a.     n.a.
 2023-Apr-08 00:00, , ,   199.25760,   22.47596,   17.073,   n.a.,  51.7842441158024,  3.8855953,  150.4750,/L,    0.5350,   0.0413115,  289.34878,  8.5397606,        n.a.     n.a.
 2023-Apr-09 00:00, , ,   199.24072,   22.48137,   17.073,   n.a.,  51.7866180818977,  4.3350357,  150.1745,/L,    0.5400,   0.0412129,  288.80036,  9.5329673,        n.a.     n.a.
 2023-Apr-10 00:00, , ,   199.22383,   22.48661,   17.074,   n.a.,  51.7892512542318,  4.7832019,  149.8468,/L,    0.5454,   0.0411045,  288.24888,  10.524720,        n.a.     n.a.
 2023-Apr-11 00:00, , ,   199.20694,   22.49169,   17.075,   n.a.,  51.7921428907314,  5.2300692,  149.4928,/L,    0.5512,   0.0409863,  287.69390,  11.515092,        n.a.     n.a.
 2023-Apr-12 00:00, , ,   199.19003,   22.49660,   17.076,   n.a.,  51.7952922282948,  5.6755878,  149.1135,/T,    0.5575,   0.0408581,  287.13497,  12.504120,        n.a.     n.a.
 2023-Apr-13 00:00, , ,   199.17314,   22.50134,   17.077,   n.a.,  51.7986984656577,  6.1196741,  148.7098,/T,    0.5641,   0.0407197,  286.57162,  13.491797,        n.a.     n.a.
 2023-Apr-14 00:00, , ,   199.15625,   22.50591,   17.078,   n.a.,  51.8023607417687,  6.5622037,  148.2828,/T,    0.5711,   0.0405711,  286.00341,  14.478052,        n.a.     n.a.
 2023-Apr-15 00:00, , ,   199.13938,   22.51031,   17.079,   n.a.,  51.8062781108079,  7.0030069,  147.8334,/T,    0.5784,   0.0404121,  285.42994,  15.462742,        n.a.     n.a.
 2023-Apr-16 00:00, , ,   199.12252,   22.51454,   17.080,   n.a.,  51.8104495153610,  7.4418670,  147.3627,/T,    0.5860,   0.0402425,  284.85079,  16.445640,        n.a.     n.a.
 2023-Apr-17 00:00, , ,   199.10570,   22.51858,   17.081,   n.a.,  51.8148737600564,  7.8785241,  146.8715,/T,    0.5939,   0.0400622,  284.26564,  17.426435,        n.a.     n.a.
 2023-Apr-18 00:00, , ,   199.08891,   22.52246,   17.082,   n.a.,  51.8195494890153,  8.3126846,  146.3608,/T,    0.6022,   0.0398712,  283.67417,  18.404738,        n.a.     n.a.
 2023-Apr-19 00:00, , ,   199.07216,   22.52615,   17.083,   n.a.,  51.8244751710793,  8.7440383,  145.8316,/T,    0.6106,   0.0396696,  283.07611,  19.380104,        n.a.     n.a.
 2023-Apr-20 00:00, , ,   199.05545,   22.52966,   17.085,   n.a.,  51.8296490961269,  9.1722793,  145.2849,/T,    0.6193,   0.0394576,  282.47123,  20.352062,        n.a.     n.a.
 2023-Apr-21 00:00, , ,   199.03880,   22.53298,   17.086,   n.a.,  51.8350693835631,  9.5971262,  144.7214,/T,    0.6282,   0.0392354,  281.85932,  21.320150,        n.a.     n.a.
 2023-Apr-22 00:00, , ,   199.02220,   22.53613,   17.087,   n.a.,  51.8407340010101, 10.0183364,  144.1420,/T,    0.6373,   0.0390034,  281.24012,  22.283949,        n.a.     n.a.
 2023-Apr-23 00:00, , ,   199.00567,   22.53909,   17.088,   n.a.,  51.8466407887926, 10.4357120,  143.5476,/T,    0.6466,   0.0387619,  280.61339,  23.243092,        n.a.     n.a.
 2023-Apr-24 00:00, , ,   198.98921,   22.54186,   17.090,   n.a.,  51.8527874851355, 10.8490963,  142.9390,/T,    0.6560,   0.0385113,  279.97881,  24.197277,        n.a.     n.a.
 2023-Apr-25 00:00, , ,   198.97282,   22.54445,   17.091,   n.a.,  51.8591717481055, 11.2583667,  142.3170,/T,    0.6656,   0.0382521,  279.33604,  25.146249,        n.a.     n.a.
 2023-Apr-26 00:00, , ,   198.95652,   22.54685,   17.093,   n.a.,  51.8657911723420, 11.6634247,  141.6822,/T,    0.6753,   0.0379847,  278.68470,  26.089795,        n.a.     n.a.
 2023-Apr-27 00:00, , ,   198.94031,   22.54906,   17.094,   n.a.,  51.8726433005332, 12.0641877,  141.0353,/T,    0.6851,   0.0377093,  278.02436,  27.027723,        n.a.     n.a.
 2023-Apr-28 00:00, , ,   198.92418,   22.55108,   17.095,   n.a.,  51.8797256308244, 12.4605834,  140.3770,/T,    0.6950,   0.0374264,  277.35460,  27.959851,        n.a.     n.a.
 2023-Apr-29 00:00, , ,   198.90816,   22.55291,   17.097,   n.a.,  51.8870356218584, 12.8525472,  139.7080,/T,    0.7049,   0.0371364,  276.67495,  28.886004,        n.a.     n.a.
 2023-Apr-30 00:00, , ,   198.89224,   22.55455,   17.098,   n.a.,  51.8945706971587, 13.2400222,  139.0288,/T,    0.7149,   0.0368395,  275.98493,  29.806004,        n.a.     n.a.
 2023-May-01 00:00, , ,   198.87643,   22.55601,   17.100,   n.a.,  51.9023282503054, 13.6229621,  138.3399,/T,    0.7250,   0.0365362,  275.28403,  30.719678,        n.a.     n.a.
 2023-May-02 00:00, , ,   198.86073,   22.55727,   17.101,   n.a.,  51.9103056519334, 14.0013346,  137.6419,/T,    0.7351,   0.0362268,  274.57173,  31.626858,        n.a.     n.a.
 2023-May-03 00:00, , ,   198.84515,   22.55834,   17.102,   n.a.,  51.9185002590208, 14.3751253,  136.9353,/T,    0.7452,   0.0359117,  273.84746,  32.527395,        n.a.     n.a.
 2023-May-04 00:00, , ,   198.82969,   22.55921,   17.104,   n.a.,  51.9269094261639, 14.7443405,  136.2205,/T,    0.7553,   0.0355913,  273.11062,  33.421163,        n.a.     n.a.
 2023-May-05 00:00, , ,   198.81437,   22.55990,   17.105,   n.a.,  51.9355305175577, 15.1090066,  135.4980,/T,    0.7654,   0.0352659,  272.36054,  34.308070,        n.a.     n.a.
 2023-May-06 00:00, , ,   198.79917,   22.56040,   17.107,   n.a.,  51.9443609173611, 15.4691651,  134.7683,/T,    0.7755,   0.0349358,  271.59647,  35.188059,        n.a.     n.a.
 2023-May-07 00:00, , ,   198.78412,   22.56070,   17.108,   n.a.,  51.9533980354106, 15.8248613,  134.0316,/T,    0.7856,   0.0346013,  270.81758,  36.061104,        n.a.     n.a.
 2023-May-08 00:00, , ,   198.76920,   22.56081,   17.110,   n.a.,  51.9626393053390, 16.1761294,  133.2883,/T,    0.7956,   0.0342627,  270.02296,  36.927189,        n.a.     n.a.
 2023-May-09 00:00, , ,   198.75444,   22.56073,   17.111,   n.a.,  51.9720821733851, 16.5229762,  132.5388,/T,    0.8056,   0.0339200,  269.21165,  37.786289,        n.a.     n.a.
 2023-May-10 00:00, , ,   198.73982,   22.56046,   17.113,   n.a.,  51.9817240782884, 16.8653672,  131.7835,/T,    0.8155,   0.0335734,  268.38261,  38.638338,        n.a.     n.a.
 2023-May-11 00:00, , ,   198.72537,   22.55999,   17.114,   n.a.,  51.9915624248368, 17.2032185,  131.0225,/T,    0.8254,   0.0332231,  267.53479,  39.483209,        n.a.     n.a.
 2023-May-12 00:00, , ,   198.71107,   22.55933,   17.115,   n.a.,  52.0015945549350, 17.5363967,  130.2563,/T,    0.8352,   0.0328692,  266.66716,  40.320695,        n.a.     n.a.
 2023-May-13 00:00, , ,   198.69694,   22.55848,   17.117,   n.a.,  52.0118177200759, 17.8647235,  129.4850,/T,    0.8449,   0.0325117,  265.77868,  41.150499,        n.a.     n.a.
 2023-May-14 00:00, , ,   198.68299,   22.55744,   17.118,   n.a.,  52.0222290581690, 18.1879855,  128.7090,/T,    0.8545,   0.0321510,  264.86836,  41.972244,        n.a.     n.a.
 2023-May-15 00:00, , ,   198.66921,   22.55620,   17.120,   n.a.,  52.0328255765301, 18.5059460,  127.9285,/T,    0.8640,   0.0317873,  263.93528,  42.785468,        n.a.     n.a.
 2023-May-16 00:00, , ,   198.65561,   22.55477,   17.121,   n.a.,  52.0436041420007, 18.8183576,  127.1438,/T,    0.8734,   0.0314210,  262.97854,  43.589642,        n.a.     n.a.
 2023-May-17 00:00, , ,   198.64219,   22.55315,   17.122,   n.a.,  52.0545614786959, 19.1249755,  126.3552,/T,    0.8827,   0.0310525,  261.99732,  44.384183,        n.a.     n.a.
 2023-May-18 00:00, , ,   198.62897,   22.55133,   17.124,   n.a.,  52.0656941734603, 19.4255713,  125.5627,/T,    0.8918,   0.0306823,  260.99083,  45.168467,        n.a.     n.a.
 2023-May-19 00:00, , ,   198.61594,   22.54932,   17.125,   n.a.,  52.0769986884408, 19.7199433,  124.7667,/T,    0.9008,   0.0303109,  259.95834,  45.941850,        n.a.     n.a.
 2023-May-20 00:00, , ,   198.60312,   22.54712,   17.127,   n.a.,  52.0884713792228, 20.0079249,  123.9674,/T,    0.9097,   0.0299391,  258.89911,  46.703687,        n.a.     n.a.
 2023-May-21 00:00, , ,   198.59049,   22.54473,   17.128,   n.a.,  52.1001085160828, 20.2893875,  123.1649,/T,    0.9185,   0.0295676,  257.81244,  47.453339,        n.a.     n.a.
 2023-May-22 00:00, , ,   198.57808,   22.54214,   17.129,   n.a.,  52.1119063055147, 20.5642382,  122.3596,/T,    0.9271,   0.0291969,  256.69757,  48.190188,        n.a.     n.a.
 2023-May-23 00:00, , ,   198.56588,   22.53937,   17.131,   n.a.,  52.1238609095297, 20.8324147,  121.5514,/T,    0.9355,   0.0288279,  255.55377,  48.913632,        n.a.     n.a.
 2023-May-24 00:00, , ,   198.55390,   22.53640,   17.132,   n.a.,  52.1359684611797, 21.0938777,  120.7407,/T,    0.9438,   0.0284612,  254.38025,  49.623085,        n.a.     n.a.
 2023-May-25 00:00, , ,   198.54214,   22.53325,   17.133,   n.a.,  52.1482250759049, 21.3486044,  119.9275,/T,    0.9519,   0.0280977,  253.17623,  50.317967,        n.a.     n.a.
 2023-May-26 00:00, , ,   198.53060,   22.52992,   17.135,   n.a.,  52.1606268592912, 21.5965830,  119.1120,/T,    0.9599,   0.0277380,  251.94093,  50.997700,        n.a.     n.a.
 2023-May-27 00:00, , ,   198.51930,   22.52639,   17.136,   n.a.,  52.1731699124344, 21.8378094,  118.2944,/T,    0.9676,   0.0273828,  250.67359,  51.661694,        n.a.     n.a.
 2023-May-28 00:00, , ,   198.50822,   22.52268,   17.137,   n.a.,  52.1858503363463, 22.0722874,  117.4748,/T,    0.9752,   0.0270330,  249.37349,  52.309354,        n.a.     n.a.
 2023-May-29 00:00, , ,   198.49738,   22.51879,   17.138,   n.a.,  52.1986642367918, 22.3000302,  116.6533,/T,    0.9826,   0.0266892,  248.03998,  52.940069,        n.a.     n.a.
 2023-May-30 00:00, , ,   198.48678,   22.51471,   17.140,   n.a.,  52.2116077307085, 22.5210640,  115.8300,/T,    0.9898,   0.0263523,  246.67246,  53.553218,        n.a.     n.a.
 2023-May-31 00:00, , ,   198.47642,   22.51045,   17.141,   n.a.,  52.2246769549126, 22.7354322,  115.0050,/T,    0.9969,   0.0260229,  245.27039,  54.148178,        n.a.     n.a.
 2023-Jun-01 00:00, , ,   198.46631,   22.50602,   17.142,   n.a.,  52.2378680770900, 22.9431987,  114.1785,/T,    1.0037,   0.0257020,  243.83330,  54.724328,        n.a.     n.a.
 2023-Jun-02 00:00, , ,   198.45644,   22.50140,   17.143,   n.a.,  52.2511773079939, 23.1444482,  113.3505,/T,    1.0103,   0.0253903,  242.36076,  55.281057,        n.a.     n.a.
 2023-Jun-03 00:00, , ,   198.44683,   22.49661,   17.144,   n.a.,  52.2646009123766, 23.3392817,  112.5211,/T,    1.0168,   0.0250886,  240.85235,  55.817771,        n.a.     n.a.
 2023-Jun-04 00:00, , ,   198.43746,   22.49164,   17.145,   n.a.,  52.2781352148487, 23.5278028,  111.6904,/T,    1.0230,   0.0247977,  239.30764,  56.333894,        n.a.     n.a.
 2023-Jun-05 00:00, , ,   198.42836,   22.48650,   17.147,   n.a.,  52.2917765963738, 23.7100992,  110.8584,/T,    1.0290,   0.0245182,  237.72620,  56.828855,        n.a.     n.a.
 2023-Jun-06 00:00, , ,   198.41951,   22.48118,   17.148,   n.a.,  52.3055214783980, 23.8862199,  110.0253,/T,    1.0348,   0.0242509,  236.10761,  57.302070,        n.a.     n.a.
 2023-Jun-07 00:00, , ,   198.41092,   22.47569,   17.149,   n.a.,  52.3193662948965, 24.0561570,  109.1910,/T,    1.0404,   0.0239965,  234.45156,  57.752925,        n.a.     n.a.
 2023-Jun-08 00:00, , ,   198.40260,   22.47003,   17.150,   n.a.,  52.3333074567351, 24.2198382,  108.3557,/T,    1.0458,   0.0237556,  232.75795,  58.180756,        n.a.     n.a.
 2023-Jun-09 00:00, , ,   198.39454,   22.46420,   17.151,   n.a.,  52.3473413155159, 24.3771325,  107.5194,/T,    1.0510,   0.0235288,  231.02697,  58.584842,        n.a.     n.a.
 2023-Jun-10 00:00, , ,   198.38676,   22.45820,   17.152,   n.a.,  52.3614641339103, 24.5278662,  106.6821,/T,    1.0559,   0.0233168,  229.25923,  58.964415,        n.a.     n.a.
 2023-Jun-11 00:00, , ,   198.37924,   22.45204,   17.153,   n.a.,  52.3756720667079, 24.6718427,  105.8440,/T,    1.0606,   0.0231204,  227.45576,  59.318679,        n.a.     n.a.
 2023-Jun-12 00:00, , ,   198.37200,   22.44571,   17.154,   n.a.,  52.3899611532809, 24.8088618,  105.0051,/T,    1.0651,   0.0229402,  225.61808,  59.646836,        n.a.     n.a.
 2023-Jun-13 00:00, , ,   198.36504,   22.43921,   17.155,   n.a.,  52.4043273196463, 24.9387331,  104.1654,/T,    1.0694,   0.0227768,  223.74813,  59.948108,        n.a.     n.a.
 2023-Jun-14 00:00, , ,   198.35836,   22.43256,   17.156,   n.a.,  52.4187663874195, 25.0612867,  103.3251,/T,    1.0734,   0.0226310,  221.84831,  60.221760,        n.a.     n.a.
 2023-Jun-15 00:00, , ,   198.35197,   22.42574,   17.157,   n.a.,  52.4332740872312, 25.1763783,  102.4842,/T,    1.0772,   0.0225034,  219.92139,  60.467125,        n.a.     n.a.
 2023-Jun-16 00:00, , ,   198.34586,   22.41876,   17.158,   n.a.,  52.4478460748436, 25.2838933,  101.6428,/T,    1.0808,   0.0223946,  217.97052,  60.683614,        n.a.     n.a.
 2023-Jun-17 00:00, , ,   198.34003,   22.41162,   17.159,   n.a.,  52.4624779487118, 25.3837479,  100.8009,/T,    1.0841,   0.0223052,  215.99913,  60.870733,        n.a.     n.a.
 2023-Jun-18 00:00, , ,   198.33450,   22.40433,   17.160,   n.a.,  52.4771652679273, 25.4758894,   99.9587,/T,    1.0872,   0.0222356,  214.01095,  61.028095,        n.a.     n.a.
 2023-Jun-19 00:00, , ,   198.32926,   22.39689,   17.161,   n.a.,  52.4919035694899, 25.5602936,   99.1161,/T,    1.0901,   0.0221862,  212.00985,  61.155419,        n.a.     n.a.
 2023-Jun-20 00:00, , ,   198.32431,   22.38929,   17.161,   n.a.,  52.5066883838962, 25.6369613,   98.2733,/T,    1.0927,   0.0221573,  209.99988,  61.252541,        n.a.     n.a.
 2023-Jun-21 00:00, , ,   198.31966,   22.38155,   17.162,   n.a.,  52.5215152482640, 25.7059139,   97.4303,/T,    1.0950,   0.0221492,  207.98513,  61.319410,        n.a.     n.a.
 2023-Jun-22 00:00, , ,   198.31531,   22.37365,   17.163,   n.a.,  52.5363797166363, 25.7671879,   96.5871,/T,    1.0972,   0.0221620,  205.96972,  61.356086,        n.a.     n.a.
 2023-Jun-23 00:00, , ,   198.31126,   22.36561,   17.164,   n.a.,  52.5512773676300, 25.8208312,   95.7439,/T,    1.0990,   0.0221957,  203.95774,  61.362739,        n.a.     n.a.
 2023-Jun-24 00:00, , ,   198.30750,   22.35743,   17.165,   n.a.,  52.5662038100650, 25.8669002,   94.9006,/T,    1.1007,   0.0222503,  201.95321,  61.339641,        n.a.     n.a.
 2023-Jun-25 00:00, , ,   198.30405,   22.34911,   17.165,   n.a.,  52.5811546875351, 25.9054589,   94.0574,/T,    1.1021,   0.0223256,  199.96002,  61.287165,        n.a.     n.a.
 2023-Jun-26 00:00, , ,   198.30090,   22.34065,   17.166,   n.a.,  52.5961256830186, 25.9365801,   93.2143,/T,    1.1032,   0.0224215,  197.98194,  61.205778,        n.a.     n.a.
 2023-Jun-27 00:00, , ,   198.29805,   22.33206,   17.167,   n.a.,  52.6111125245702, 25.9603476,   92.3713,/T,    1.1041,   0.0225376,  196.02253,  61.096036,        n.a.     n.a.
 2023-Jun-28 00:00, , ,   198.29551,   22.32333,   17.168,   n.a.,  52.6261109928609, 25.9768604,   91.5284,/T,    1.1048,   0.0226735,  194.08512,  60.958575,        n.a.     n.a.
 2023-Jun-29 00:00, , ,   198.29327,   22.31447,   17.168,   n.a.,  52.6411169307714, 25.9862354,   90.6858,/T,    1.1052,   0.0228288,  192.17279,  60.794103,        n.a.     n.a.
 2023-Jun-30 00:00, , ,   198.29133,   22.30548,   17.169,   n.a.,  52.6561262542661, 25.9886085,   89.8434,/T,    1.1054,   0.0230031,  190.28826,  60.603381,        n.a.     n.a.
 2023-Jul-01 00:00, , ,   198.28970,   22.29637,   17.169,   n.a.,  52.6711349623366, 25.9841300,   89.0013,/T,    1.1053,   0.0231958,  188.43388,  60.387204,        n.a.     n.a.
 2023-Jul-02 00:00, , ,   198.28837,   22.28713,   17.170,   n.a.,  52.6861391421255, 25.9729520,   88.1595,/T,    1.1050,   0.0234066,  186.61154,  60.146375,        n.a.     n.a.
 2023-Jul-03 00:00, , ,   198.28735,   22.27777,   17.171,   n.a.,  52.7011349642360, 25.9552072,   87.3181,/T,    1.1045,   0.0236348,  184.82270,  59.881675,        n.a.     n.a.
 2023-Jul-04 00:00, , ,   198.28664,   22.26829,   17.171,   n.a.,  52.7161186640062, 25.9309827,   86.4770,/T,    1.1037,   0.0238801,  183.06835,  59.593846,        n.a.     n.a.
 2023-Jul-05 00:00, , ,   198.28623,   22.25870,   17.172,   n.a.,  52.7310865081867, 25.9002974,   85.6363,/T,    1.1026,   0.0241418,  181.34914,  59.283579,        n.a.     n.a.
 2023-Jul-06 00:00, , ,   198.28613,   22.24899,   17.172,   n.a.,  52.7460347521966, 25.8630932,   84.7959,/T,    1.1014,   0.0244194,  179.66548,  58.951530,        n.a.     n.a.
 2023-Jul-07 00:00, , ,   198.28634,   22.23916,   17.173,   n.a.,  52.7609595978631, 25.8192459,   83.9560,/T,    1.0998,   0.0247124,  178.01765,  58.598344,        n.a.     n.a.
 2023-Jul-08 00:00, , ,   198.28686,   22.22923,   17.173,   n.a.,  52.7758571619178, 25.7685900,   83.1166,/T,    1.0981,   0.0250199,  176.40590,  58.224685,        n.a.     n.a.
 2023-Jul-09 00:00, , ,   198.28768,   22.21919,   17.173,   n.a.,  52.7907234610817, 25.7109495,   82.2776,/T,    1.0961,   0.0253414,  174.83049,  57.831250,        n.a.     n.a.
 2023-Jul-10 00:00, , ,   198.28882,   22.20904,   17.174,   n.a.,  52.8055544133639, 25.6461619,   81.4392,/T,    1.0939,   0.0256759,  173.29168,  57.418782,        n.a.     n.a.
 2023-Jul-11 00:00, , ,   198.29026,   22.19879,   17.174,   n.a.,  52.8203458508613, 25.5740938,   80.6014,/T,    1.0914,   0.0260227,  171.78963,  56.988061,        n.a.     n.a.

