TICKER;PRECO;ULTIMO DIVIDENDO;DY;VALOR PATRIMONIAL COTA;P/VP;LIQUIDEZ MEDIA DIARIA;PERCENTUAL EM CAIXA;CAGR DIVIDENDOS 3 ANOS; CAGR VALOR CORA 3 ANOS;PATRIMONIO;N COTISTAS;GESTAO; N COTAS
VIUR11;7,05;0,072000;11,87;9,51;0,74;191.982,87;11,56;;;256.297.429,41;4.432,00;Ativa;26.946.220,00
SADI11;90,62;1,060000;9,70;100,97;0,90;650.705,70;2,62;;;321.097.673,90;3.603,00;Ativa;3.180.207,00
THRA11;138,50;0,130000;32,01;9,54;14,52;53.642,50;140,47;90,73;0,12;14.050.683,35;2.084,00;Passiva;1.472.728,00
BMII11;0,00;0,228341;0,00;495,28;;;0,71;;;69.675.891,55;12,00;Passiva;140.680,00
CYCR11;101,94;1,150000;12,40;97,76;1,04;43.111,43;30,15;;;72.344.443,12;377,00;Ativa;740.046,00
ONEF11;159,86;0,920000;6,12;174,80;0,91;58.241,48;1,07;8,58;2,70;159.240.183,47;3.643,00;Passiva;911.000,00
FEXC11;87,62;1,150000;12,28;93,51;0,93;1.129.889,43;14,38;6,79;-10,52;570.742.091,11;19.694,00;Ativa;6.103.509,00
XPSF11;7,00;0,070000;11,79;8,67;0,81;623.006,83;4,94;;;375.228.449,53;24.411,00;Ativa;43.302.140,00
RBRR11;100,00;1,200000;12,14;96,56;1,03;4.370.737,43;6,05;20,75;-2,56;1.046.711.585,04;98.812,00;Ativa;10.840.555,00
PLCR11;83,05;1,170000;14,60;93,02;0,89;373.008,30;11,60;;;196.198.113,56;11.103,00;Ativa;2.109.169,00
ARCT11;107,21;1,860000;16,16;100,54;1,07;2.830.483,52;12,82;;;324.578.304,29;23.040,00;Ativa;3.228.312,00
RBRX11;0,00;2,100000;0,00;91,95;;;5,92;;;40.801.530,54;1,00;Ativa;443.750,00
TORD11;8,84;0,070000;12,37;14,27;0,62;535.927,52;0,01;;;500.070.556,28;100.127,00;Ativa;35.051.354,00
VTXI11;0,00;;0,00;27,37;;;64,88;;;2.832.440,00;2,00;Ativa;103.500,00
BRIM11;1.018,00;48,000000;14,14;1.008,65;1,01;1.018,00;4,68;;;125.210.599,54;198,00;Ativa;124.137,00
HBRH11;81,25;0,654500;11,15;113,07;0,72;333.001,74;0,98;;;313.449.092,21;1.908,00;Ativa;2.772.204,00
HGRE11;131,50;0,780000;8,07;162,86;0,81;1.768.950,35;0,78;7,17;-6,62;1.924.601.744,59;125.469,00;Ativa;11.817.767,00
XPPR11;47,38;0,350000;12,46;77,28;0,61;1.103.324,61;2,37;;;565.410.376,25;60.606,00;Ativa;7.316.171,00
XBXO11;0,00;;0,00;96,67;;;0,00;;;294.122.260,42;1,00;Ativa;3.042.600,00
ESTQ11;0,00;;0,00;0,12;;;51,69;;;7.968.473,37;5,00;Ativa;65.361.974,00
RBCB11;19,00;0,300000;0,00;0,00;;;;-15,04;-26,88;0,00;462,00;Ativa;53.100,00
BLUR11;104,75;1,030000;2,95;104,58;1,00;1.778,40;3,50;;;9.412.123,51;72,00;Ativa;90.000,00
HRDF11;1,20;6,800000;0,00;1,30;0,92;438,17;46,05;;;9.859.180,08;1.295,00;Ativa;7.587.125,00
RBRI11;1.050,00;35,620000;3,39;1.263,95;0,83;5.250,00;1,41;;;141.529.191,41;83,00;--;111.974,00
SNCI11;103,07;1,400000;10,93;99,24;1,04;1.550.393,26;16,65;;;282.510.848,56;32.267,00;Ativa;2.846.864,00
SFRO11;0,00;;0,00;5,93;;;102,53;;;5.191.438,53;20,00;Passiva;875.758,00
RBED11;116,26;1,180000;11,30;141,78;0,82;202.591,91;3,30;4,24;-11,90;286.633.457,39;12.415,00;Ativa;2.021.621,00
KNRE11;0,90;0,001510;4,66;1,23;0,73;7.647,30;22,21;;-48,45;22.807.147,50;5.938,00;Ativa;18.547.161,00
REIT11;480,00;2,063629;7,34;486,27;0,99;960,00;41,23;;;12.784.645,53;62,00;Ativa;26.291,00
KNRI11;131,00;0,840000;7,30;157,13;0,83;2.735.828,00;2,64;3,91;-5,04;3.795.886.422,30;234.264,00;Ativa;24.157.121,00
CRFF11;67,36;0,630000;8,67;86,70;0,78;21.249,00;2,08;-0,29;-10,83;59.827.386,69;1.781,00;Ativa;690.040,00
OURE11;78,20;1,100000;14,61;92,22;0,85;134.113,74;5,89;16,48;-6,59;99.331.744,57;4.961,00;Ativa;1.077.087,00
HGRS11;0,00;;0,00;89,39;;;11,86;;;106.768.714,01;6,00;Ativa;1.194.352,00
HGIC11;109,90;1,190000;10,90;113,93;0,96;65.382,00;18,83;;;31.666.498,37;303,00;Ativa;277.951,00
PRTS11;117,70;0,054870;0,05;0,06;1.961,67;;103,36;;;3.111.607,44;11,00;Ativa;55.727.500,00
GCFF11;70,73;0,770000;12,30;86,15;0,82;41.882,09;9,58;;;29.171.402,16;2.026,00;Ativa;338.598,00
JSAF11;81,20;0,930000;8,53;97,48;0,83;235.465,39;6,75;;;153.333.807,55;2.023,00;Ativa;1.573.047,00
FPNG11;65,00;0,590000;10,82;168,99;0,38;598,50;2,02;7,43;;172.765.721,94;84,00;Ativa;1.022.344,00
SFND11;83,07;4,250000;5,12;9,61;8,64;;22,20;116,69;;9.431.204,11;54,00;Passiva;981.472,00
MORC11;96,90;1,500000;15,12;99,77;0,97;419.809,48;5,51;;;128.890.954,58;2.100,00;Ativa;1.291.942,00
CFHI11;0,00;36,511390;0,00;1.006,06;;;17,03;;;94.770.941,82;53,00;Ativa;94.200,00
GGRC11;108,75;0,940000;9,39;130,44;0,84;978.218,91;1,69;6,00;-9,02;1.012.027.467,97;94.956,00;Ativa;7.758.429,00
FTCE11B;2.950,01;98,303411;8,90;2.785,45;1,06;;3,28;;;2.606.845.076,01;57,00;Ativa;935.878,00
EDGA11;18,00;0,160790;8,74;66,19;0,27;39.393,61;0,94;-9,24;-29,08;252.333.209,57;6.463,00;Passiva;3.812.055,00
RBCO11;39,44;0,350000;11,52;85,18;0,46;222.061,09;1,18;-12,16;;321.898.927,30;7.657,00;Ativa;3.779.001,00
HUCG11;102,67;0,910000;1,61;101,78;1,01;1.206,80;82,58;;;114.200.798,98;120,00;Passiva;1.122.000,00
SNFF11;88,90;1,300000;9,26;90,86;0,98;662.706,13;1,74;;;227.160.067,18;31.003,00;Ativa;2.500.000,00
RNGO11;46,70;0,450000;9,38;87,68;0,53;116.440,91;2,04;-8,24;-17,08;234.619.574,18;13.466,00;Passiva;2.676.000,00
ITIT11;71,70;0,530000;8,93;78,80;0,90;75.338,57;1,00;;;70.959.417,68;5.272,00;Passiva;900.494,00
JPPA11;104,98;2,040000;15,86;106,57;0,99;441.045,87;1,89;26,99;;64.361.837,77;2.192,00;Ativa;603.964,00
XPCI11;93,50;1,050000;13,34;96,81;0,97;3.658.254,48;11,52;;;842.397.396,03;59.228,00;Ativa;8.701.552,00
RBHY11;98,03;1,540000;16,11;98,11;1,00;102.978,65;8,34;;;185.762.734,80;2.876,00;Ativa;1.893.505,00
DEVA11;100,35;1,600000;15,99;98,06;1,02;3.567.475,83;3,95;;;1.363.604.754,65;103.755,00;Ativa;13.905.815,00
CEOC11;59,28;0,493495;9,50;90,19;0,66;67.093,35;2,07;-5,52;-11,32;163.765.121,71;5.425,00;Passiva;1.815.696,00
BICR11;99,01;0,610000;7,52;100,17;0,99;3.998,11;28,67;;;50.085.080,06;554,00;Ativa;500.000,00
MFAI11;63,58;0,420000;13,83;75,22;0,85;37.971,13;1,09;;;23.120.336,18;3.826,00;Ativa;307.380,00
LASC11;92,00;0,630000;7,79;112,26;0,82;492.061,79;0,79;;;282.692.671,94;179,00;Ativa;2.518.195,00
SBCL11;0,00;;0,00;906,26;;;143,88;;;27.187.799,59;2,00;Ativa;30.000,00
RNDP11;300,60;3,580000;16,09;470,19;0,64;26.951,41;19,51;-1,89;-31,30;50.536.041,45;982,00;Ativa;107.481,00
DLMT11;0,00;0,006223;0,00;0,68;;;1,57;;;8.994.665,46;9,00;Ativa;13.225.796,00
VIDS11;0,00;;0,00;910,03;;;10,43;;;53.924.989,25;199,00;Ativa;59.256,00
HTMX11;85,63;0,712391;0,00;130,06;0,66;197.446,57;2,87;8,60;-21,18;163.487.707,17;22.348,00;Ativa;1.257.022,00
MATV11;99,96;1,400000;9,70;96,62;1,03;71.388,39;18,07;;;33.553.916,23;217,00;Ativa;347.280,00
EDFO11B;204,25;1,653694;8,63;191,90;1,06;3.791,36;1,66;-2,03;-13,36;45.287.767,37;540,00;Passiva;236.000,00
RECT11;58,00;0,501800;10,75;96,48;0,60;619.348,30;0,16;-15,29;-16,58;789.124.446,38;78.347,00;Ativa;8.179.347,00
DPRO11;0,00;;0,00;98,31;;;5,89;;;18.925.581,05;59,00;Ativa;192.500,00
RCFA11;3,54;;0,00;22,20;0,16;4.154,61;0,05;;;12.965.056,45;280,00;Passiva;583.926,00
RMAI11;34,97;0,260000;8,89;108,58;0,32;11.137,17;0,35;;;265.344.746,54;1.135,00;Ativa;2.443.800,00
PVBI11;91,21;0,560000;7,41;98,84;0,92;3.268.582,91;0,87;;;992.295.220,85;67.685,00;Ativa;10.039.493,00
DOMC11;439,00;;0,00;108,58;4,04;;0,35;;-0,74;265.344.746,54;1.135,00;Ativa;2.443.800,00
HDOF11;0,00;;0,00;98,93;;;3,78;;;153.365.588,89;108,00;Ativa;1.550.169,00
RBLG11;86,95;0,800000;10,55;104,58;0,83;11.099,19;1,24;;;66.950.881,15;156,00;Ativa;640.199,00
BCIA11;81,59;0,740000;9,86;104,73;0,78;330.528,43;0,31;-18,53;-12,62;389.494.590,19;14.303,00;Ativa;3.719.038,00
ITIP11;82,28;1,080000;13,64;87,54;0,94;81.793,35;2,53;;;65.492.720,72;2.460,00;Passiva;748.151,00
RPRI11;0,00;1,088000;0,00;102,48;;;36,22;;;141.020.256,38;1.379,00;Ativa;1.376.039,00
CXRI11;63,51;0,640000;9,53;84,36;0,75;43.417,74;2,22;-27,33;-60,81;132.926.744,20;2.697,00;Ativa;1.575.760,00
GESE11B;1.520,00;13,959693;9,41;1.664,24;0,91;;1,02;;;86.540.717,02;55,00;Passiva;52.000,00
VLJS11;1.141,14;28,819221;2,53;1.108,11;1,03;;5,76;;;28.886.978,40;9,00;Passiva;26.068,00
HFOF11;68,64;0,600000;10,57;83,30;0,82;1.020.919,87;2,23;-8,70;-13,22;1.914.881.099,42;64.434,00;Ativa;22.987.007,00
CNES11;33,50;0,093710;3,80;87,31;0,39;15.195,61;5,53;-23,52;-25,90;257.492.273,62;2.072,00;Passiva;2.949.248,00
FRHY11;0,00;1,370000;0,00;99,99;;;1,98;;;13.049.201,20;7,00;Ativa;130.500,00
PQDP11;1.980,05;21,521254;8,56;3.315,06;0,60;212.755,30;1,95;-0,36;-14,88;813.890.736,30;4.000,00;Passiva;245.513,00
PATL11;73,85;0,580000;9,34;98,02;0,75;1.461.587,30;0,83;;;489.268.515,89;19.809,00;Ativa;4.991.535,00
JASC11;0,00;;0,00;116,70;;;7,09;;;212.433.357,67;30,00;Ativa;1.820.287,00
CPFF11;68,60;0,620000;11,25;77,25;0,90;1.006.180,17;5,71;;;421.015.324,55;15.837,00;Ativa;5.449.778,00
FINF11;0,00;0,262952;0,00;51,60;;;2,14;19,67;;42.320.006,33;4,00;Ativa;820.112,00
MGFF11;59,98;0,600000;10,87;75,94;0,79;986.676,26;1,28;-7,74;-16,05;687.311.836,26;49.740,00;Ativa;9.050.620,00
APTO11;9,73;0,130000;7,21;9,67;1,01;9.087,17;23,37;;;38.808.751,87;1.181,00;Ativa;4.012.857,00
RECX11;78,48;1,000000;13,95;85,50;0,92;17.186,82;0,14;;;18.666.390,39;547,00;Ativa;218.313,00
TJKB11;0,00;2,290000;0,00;268,36;;;0,08;;;201.273.498,45;51,00;Ativa;750.000,00
HUSC11;102,99;1,000000;8,37;142,94;0,72;4.021,50;1,29;;-13,25;113.579.867,97;751,00;Passiva;794.613,00
PNPR11;100,00;;0,00;95,83;1,04;767.325,00;1,00;;;56.404.023,12;19,00;Ativa;588.583,00
GCRI11;97,65;1,550000;15,09;98,19;0,99;246.519,70;0,91;;;98.222.204,55;2.970,00;Ativa;1.000.320,00
BIME11;9,57;0,150000;7,73;9,46;1,01;128.542,52;2,06;;;55.313.386,31;1.760,00;Ativa;5.845.602,00
MXRF11;9,60;0,100000;11,37;10,16;0,94;5.622.639,13;4,16;2,91;-5,79;2.296.328.737,28;538.039,00;Ativa;226.039.663,00
BBPO11;79,13;0,890000;13,50;95,04;0,83;1.260.236,30;4,65;-5,45;-18,66;1.512.931.778,94;67.814,00;Passiva;15.919.690,00
MGCR11;85,16;1,150000;13,18;94,26;0,90;255.911,65;9,65;;;134.065.980,48;2.566,00;Ativa;1.422.304,00
IBCR11;92,16;1,320000;16,94;98,79;0,93;133.538,39;15,10;;;94.683.641,74;3.270,00;Ativa;958.423,00
RBRL11;84,80;0,650000;9,92;107,27;0,79;549.627,70;2,41;;;717.331.281,51;8.895,00;Ativa;6.687.035,00
CARE11;4,17;0,008385;0,60;8,21;0,51;61.603,09;0,61;;-19,62;293.685.366,89;9.439,00;Ativa;35.769.919,00
BZLI11;17,39;;0,00;10,67;1,63;927,71;0,07;;7,24;431.325.803,06;323,00;Ativa;40.424.207,00
FIVN11;2,12;;0,00;6,97;0,30;18.149,78;0,05;;-20,94;65.644.632,79;3.411,00;Passiva;9.412.630,00
CJFI11;0,00;;0,00;2,25;;;0,36;;;116.633.422,54;1,00;Ativa;51.879.055,00
KNHY11;100,53;1,280000;16,08;97,87;1,02;2.532.483,43;14,28;29,14;-8,05;1.809.753.635,54;14.041,00;Ativa;18.490.843,00
VINO11;44,68;0,340000;11,93;54,21;0,82;1.311.070,48;5,16;;;898.058.411,59;112.402,00;Ativa;16.565.259,00
BREV11;96,99;0,540000;6,89;109,89;0,88;216,57;0,87;;;106.285.979,32;125,00;Ativa;967.201,00
LLAO11;0,00;;0,00;100,17;;;49,42;;;36.177.130,60;78,00;Ativa;361.140,00
WPLZ11;71,14;0,400000;4,21;102,71;0,69;13.846,57;1,70;-8,18;-7,91;104.841.901,37;1.849,00;Passiva;1.020.747,00
VSEC11;70,00;0,400000;8,26;98,30;0,71;4.452,00;56,45;;;6.166.737,86;65,00;Ativa;62.735,00
ROOF11;854,00;;0,00;878,89;0,97;69.414,67;8,16;;;68.109.551,60;67,00;Ativa;77.495,00
BLCA11;95,00;0,505000;3,24;90,91;1,05;2.815,00;5,36;;;145.454.389,59;100,00;Ativa;1.600.000,00
BTWR11;105,49;0,460000;3,69;108,40;0,97;340.669,20;2,92;;;87.721.884,92;63,00;Passiva;809.269,00
RCFF11;98,19;0,826884;2,88;94,11;1,04;343,14;11,72;;;30.417.109,03;79,00;Ativa;323.200,00
VGHF11;9,78;0,130000;17,50;9,36;1,04;3.323.164,13;0,13;;;608.979.159,27;82.899,00;Ativa;65.073.729,00
XPIN11;72,57;0,610000;10,33;108,75;0,67;555.688,74;10,30;-2,85;-14,96;777.640.109,45;49.393,00;Ativa;7.150.422,00
MBRF11;551,54;10,000000;18,74;1.118,74;0,50;102.615,09;4,43;1,03;-24,08;113.735.279,34;2.931,00;Passiva;101.664,00
BLMC11;89,00;1,250000;14,36;98,71;0,90;33.088,13;2,33;;;39.435.427,90;176,00;Ativa;399.500,00
DAMT11B;0,95;;0,00;0,60;1,58;8.728,70;0,05;;;81.039.211,94;680,00;Passiva;136.021.811,00
EVBI11;98,70;0,750000;8,77;98,35;1,00;51.479,25;19,82;;;137.475.328,40;243,00;Ativa;1.397.770,00
PRSV11;110,11;1,620000;0,00;241,98;0,46;5.902,35;8,81;28,92;-37,73;47.185.757,76;1.102,00;Passiva;195.000,00
JTPR11;2.517,00;1,630372;0,00;101,02;24,92;;7,08;;;21.687.363,94;8,00;Ativa;214.674,00
SJAU11;114,99;;0,00;102,61;1,12;344,00;0,05;;;813.936.282,59;127,00;Passiva;7.932.248,00
EQIR11;94,00;1,100000;7,99;101,86;0,92;15.117,13;4,85;;;51.186.780,94;161,00;Ativa;502.500,00
GALG11;90,20;0,800000;11,03;101,62;0,89;514.782,52;0,16;;;584.193.098,84;8.271,00;Ativa;5.748.530,00
MOFF11;0,00;;0,00;834,93;;;0,52;;;168.317.447,50;3,00;Ativa;201.595,00
LOFT11B;29,90;0,201705;0,00;34,48;0,87;;55,62;;;67.662.706,80;1,00;Ativa;1.962.500,00
TELD11;0,00;;0,00;98,11;;;1,13;;;9.688.242,07;2,00;Ativa;98.747,00
VGIP11;97,65;1,750000;16,28;92,91;1,05;3.658.077,91;20,03;;;1.095.538.563,59;68.901,00;Ativa;11.790.838,00
HGCR11;103,95;1,200000;11,67;102,56;1,01;2.182.794,83;12,45;16,86;-4,21;1.504.251.061,11;63.377,00;Ativa;14.666.944,00
URPR11;108,17;1,850000;19,59;104,01;1,04;4.822.050,61;59,49;;;574.027.635,81;59.368,00;Ativa;5.518.728,00
KFOF11;75,00;0,700000;9,89;95,25;0,79;599.309,43;0,89;4,09;-11,99;431.804.707,84;8.201,00;Ativa;4.533.315,00
TOUR11;8,80;0,242328;1.271,17;0,00;;340.762,05;;;;0,00;0,00;Ativa;0,00
BBFO11;70,00;0,880000;12,16;85,38;0,82;266.865,83;1,78;;;341.845.140,55;4.310,00;Passiva;4.003.900,00
SRVD11;8,38;0,200000;5,05;0,75;11,17;275,14;2,20;;;71.878.054,17;85,00;Ativa;96.286.020,00
EGYR11;1,63;;0,00;12,45;0,13;23.317,74;0,00;;;93.360.329,35;26,00;Passiva;7.495.898,00
BLMO11;24.785,85;10,270000;0,33;29.350,90;0,84;99.143,00;1,66;;;111.445.352,74;94,00;Ativa;3.797,00
MTOF11;0,00;;0,00;99,01;;;0,97;;;185.766.708,37;3,00;Ativa;1.876.157,00
FIIP11B;152,00;1,290000;10,18;200,65;0,76;65.360,87;2,02;-13,12;-8,67;186.038.544,78;8.434,00;Passiva;927.162,00
RBGS11;28,45;0,176600;3,12;90,78;0,31;49.400,90;0,52;4,91;-12,32;97.865.283,71;2.808,00;Passiva;1.078.000,00
CXCI11;79,09;0,800000;3,22;97,27;0,81;124.054,57;34,98;;;200.163.185,04;5.946,00;Ativa;2.057.726,00
CXTL11;297,12;0,478929;1,97;690,63;0,43;7.951,64;0,43;15,30;-8,75;37.015.785,16;650,00;Passiva;53.597,00
CPTS11;91,77;1,120000;13,81;91,64;1,00;6.726.446,39;2,05;16,26;-4,91;2.912.457.097,94;169.448,00;Ativa;31.782.814,00
TRXB11;125,25;0,860000;8,06;98,21;1,28;956.726,91;8,80;;;268.160.428,31;178,00;Passiva;2.730.511,00
TORM13;142,00;10,562960;24,49;0,00;;2.317,56;;;;0,00;0,00;Ativa;0,00
BLMR11;7,10;0,075000;11,97;8,29;0,85;488.301,48;3,56;;;211.636.911,87;11.386,00;Ativa;25.541.630,00
LIFE11;0,00;0,149300;0,00;10,01;;;3,33;;;22.016.804,13;3,00;Ativa;2.200.000,00
NPAR11;12,82;1,196695;0,00;14,07;0,91;3.347,73;100,00;;;1.682.250,84;772,00;Ativa;119.589,00
ZIFI11;1.148,99;3,304958;0,71;1.210,82;0,95;5.659,17;0,37;;;25.154.716,55;37,00;Ativa;20.775,00
RZTR11;99,06;1,250000;13,81;98,20;1,01;3.381.004,22;1,51;;;1.077.574.252,11;53.765,00;Ativa;11.048.018,00
FPAB11;198,00;1,600000;8,61;410,02;0,48;21.883,57;1,55;-9,09;-18,12;307.513.373,89;915,00;Passiva;750.000,00
CXCO11;75,40;0,738700;10,74;96,52;0,78;232.608,17;1,36;;;378.773.190,18;13.149,00;Ativa;3.924.500,00
TFOF11;138,00;2,370000;0,00;121,20;1,14;;13,36;29,98;-0,83;103.080.374,68;3.278,00;Ativa;850.530,00
FATN11;98,30;0,830000;9,08;100,76;0,98;21.783,74;4,95;;;99.202.137,70;401,00;Ativa;984.500,00
HOSI11;67,21;0,220000;7,41;92,01;0,73;31.478,52;0,84;;;52.763.160,86;1.947,00;Ativa;573.450,00
VILG11;95,01;0,710000;8,51;113,51;0,84;2.024.800,09;0,98;1,31;-5,65;1.702.339.010,34;147.533,00;Ativa;14.997.396,00
VTRT11;0,00;0,107508;0,00;100,80;;;20,14;;;1.030.654.046,20;499,00;Ativa;10.224.963,00
KCRE11;101,49;1,650000;1,63;100,38;1,01;298.577,44;24,42;;;342.769.152,60;3.254,00;Ativa;3.414.800,00
SALI11;0,00;;0,00;101,26;;;3,79;;;8.056.380,18;1,00;Passiva;79.565,00
HAAA11;93,98;0,640000;6,98;92,75;1,01;1.406,07;1,25;;;320.439.330,78;144,00;Ativa;3.455.000,00
VLIQ11;0,00;;0,00;60,37;;;54,20;;;19.973.729,87;309,00;Ativa;330.882,00
GSFI11;4,45;;0,00;13,24;0,34;113.759,78;4,55;;8,74;995.889.943,51;7.681,00;Ativa;75.198.136,00
SEED11;100,00;1,040000;9,82;102,23;0,98;866.112,14;2,09;;;167.661.581,67;91,00;Ativa;1.640.000,00
MMVE11;130,00;;0,00;99,63;1,30;506.220,00;3,32;;;46.328.899,41;12,00;Ativa;465.000,00
PABY11;8,30;;0,00;-13,01;;986,32;;;-30,76;-9.870.075,03;455,00;Passiva;758.400,00
JCDA11;0,00;;0,00;10,83;;;1,91;;;136.420.031,45;49,00;Ativa;12.594.791,00
VISC11;99,18;0,700000;7,84;115,15;0,87;2.050.288,52;1,95;4,88;-2,54;2.037.764.034,54;208.938,00;Ativa;17.696.234,00
GTWR11;70,90;0,740000;12,03;97,89;0,72;607.175,48;0,68;1,54;-11,36;1.174.713.672,72;24.916,00;Ativa;12.000.000,00
PRZS11;0,00;;0,00;107,12;;;0,23;;;58.169.057,08;20,00;Ativa;543.034,00
NVHO11;11,00;0,076191;8,45;12,71;0,87;1.856,17;1,18;6,50;-28,02;527.581.196,04;2.327,00;Ativa;41.494.533,00
HGLG11;161,19;3,300000;9,96;149,29;1,08;6.012.793,83;15,83;19,95;1,73;3.501.807.619,41;311.356,00;Ativa;23.456.675,00
BRCR11;60,05;0,470000;9,59;101,51;0,59;1.747.931,30;1,06;-0,60;-14,98;2.703.973.474,88;140.193,00;Ativa;26.638.202,00
VPSI11;0,00;0,161680;0,00;18,28;;;1,09;11,12;;147.568.919,60;53,00;Passiva;8.071.897,00
TRXF11;97,85;1,050000;9,91;97,75;1,00;1.638.806,61;1,87;;;708.147.194,50;44.062,00;Ativa;7.244.808,00
BPLC11;0,00;12,233807;0,00;10.119,07;;;5,72;;;323.810.125,76;114,00;Passiva;32.000,00
VXXV11;885,00;10,760000;0,00;771,53;1,15;1.877.649,14;0,86;;;136.389.337,47;14,00;Ativa;176.778,00
HGRU11;117,80;1,200000;8,10;119,05;0,99;4.055.242,00;4,72;5,09;2,01;2.191.214.311,59;165.214,00;Ativa;18.406.458,00
QAMI11;90,50;1,350000;16,98;90,89;1,00;67.766,30;3,72;;;72.836.317,55;1.164,00;Ativa;801.398,00
MGIM11;101,50;0,176173;13,69;98,41;1,03;5.538,90;101,04;;;24.337.124,08;75,00;Ativa;247.300,00
XTED11;6,11;0,323281;0,00;13,85;0,44;4.443,09;0,09;;-4,39;27.215.159,89;4.320,00;Ativa;1.965.425,00
LUGG11;81,00;0,530000;7,96;125,01;0,65;24.355,96;0,68;;;112.508.527,31;4.082,00;Ativa;900.000,00
TSNC11;0,00;37,557458;0,00;5.524,15;;;3,33;0,80;;100.059.015,53;66,00;Ativa;18.113,00
MAXR11;78,27;0,650581;10,61;120,44;0,65;85.044,52;1,04;-5,64;-14,77;135.577.488,02;4.182,00;Ativa;1.125.655,00
VVPR11;95,95;0,790000;9,59;98,39;0,97;361.341,22;0,99;;;226.861.753,72;1.420,00;Ativa;2.305.771,00
SHPH11;768,02;3,100000;5,34;888,61;0,86;163.349,61;0,63;-3,05;-6,63;541.116.717,56;2.791,00;Passiva;608.950,00
FVPQ11;114,20;0,750000;6,73;198,25;0,58;76.364,48;1,53;-16,34;-15,29;555.123.785,59;4.304,00;Passiva;2.800.149,00
VTPL11;0,00;5,110000;0,00;76,55;;;2,32;;;106.121.789,62;54,00;Passiva;1.386.242,00
JFLL11;67,51;0,640000;11,06;100,31;0,67;162.646,22;2,14;;;150.528.092,96;3.957,00;Ativa;1.500.598,00
NCHB11;98,39;1,538981;14,02;94,51;1,04;519.918,57;3,79;-11,43;;137.314.791,18;10.006,00;Ativa;1.452.983,00
HBCR11;108,48;0,768592;9,61;85,97;1,26;424.779,17;18,09;;;69.301.077,33;36,00;Ativa;272.000,00
TBOF11;15,56;0,822740;5,29;0,21;74,10;;492,15;74,62;-43,44;2.097.587,74;9.180,00;Passiva;10.050.000,00
FLRP11;1.425,02;11,000000;6,43;1.719,34;0,83;41.531,45;2,32;2,08;3,22;112.155.668,94;887,00;Passiva;65.232,00
MORE11;65,19;0,700000;12,63;86,50;0,75;395.137,48;1,23;;;200.604.052,24;14.861,00;Ativa;2.319.115,00
KINP11;12,91;0,461672;18,46;6,95;1,87;29.479,78;4,43;;;49.695.162,91;893,00;Ativa;7.147.934,00
BTRA11;81,78;0,700000;10,29;103,32;0,79;1.544.000,61;8,26;;;347.611.078,86;15.765,00;Ativa;3.364.559,00
LAVF11;0,00;1,300000;0,00;456,15;;;2,33;;;20.344.189,32;8,00;Ativa;44.600,00
HABT11;100,28;1,300000;16,50;99,45;1,01;1.910.237,57;5,68;;;738.157.916,85;54.042,00;Ativa;7.422.668,00
RBRF11;68,93;0,600000;10,46;83,83;0,82;2.267.730,96;1,23;-4,02;-13,00;1.146.924.901,93;82.842,00;Ativa;13.680.770,00
LKDV11;0,00;;0,00;971,71;;;19,36;;;64.920.723,86;68,00;Ativa;66.811,00
PCAS11;0,00;;0,00;7.098,10;;;0,79;;;496.867.094,27;50,00;Passiva;70.000,00
BTSI11;0,00;;0,00;96,64;;;0,20;;;89.188.586,53;86,00;Ativa;922.936,00
BCFF11;63,89;0,540000;9,65;78,11;0,82;2.415.270,91;5,64;-0,25;-10,94;1.967.298.740,01;296.075,00;Ativa;25.186.378,00
IBFF11;61,73;0,500000;9,85;72,28;0,85;120.969,43;5,28;;;48.190.817,56;4.265,00;Ativa;666.681,00
SHOP11;100,00;;0,00;48,53;2,06;;7,02;;;71.887.053,65;12,00;Ativa;1.481.266,00
SPVJ11;0,00;0,690000;0,00;107,58;;;5,60;;;679.062.031,01;29,00;Ativa;6.312.090,00
BBRC11;99,51;0,990000;11,93;107,17;0,93;107.847,48;5,09;-1,59;-9,88;170.397.413,70;9.060,00;Passiva;1.590.000,00
PLRI11;31,00;0,121753;14,09;39,02;0,79;10.723,50;1,75;10,30;-21,05;37.239.147,15;860,00;Ativa;954.304,00
RSPD11;1.125,00;13,250897;2,16;1.105,87;1,02;3.375,00;0,10;;;164.758.495,83;105,00;Ativa;148.985,00
WHGR11;10,06;0,110000;1,12;10,08;0,98;480.664,91;25,62;;;252.952.788,02;93,00;Ativa;25.089.531,00
NEWL11;91,37;1,700000;11,77;116,60;0,78;309.044,65;3,54;;;237.060.611,85;3.797,00;Ativa;2.033.099,00
OUFF11;63,53;0,750000;12,72;79,02;0,81;207.765,65;0,66;;;143.370.322,13;8.607,00;Ativa;1.814.336,00
SOLR11;1.011,00;7,156147;12,06;1.009,87;1,00;2.014.249,00;1,13;;;63.503.540,95;52,00;Ativa;62.883,00
TGAR11;113,69;1,570000;13,34;125,62;0,90;2.723.219,91;2,03;10,55;-3,67;1.420.685.727,96;82.872,00;Ativa;11.309.571,00
OUJP11;94,37;1,470000;13,91;101,65;0,93;756.662,48;2,93;18,60;-5,24;330.593.078,37;22.148,00;Ativa;3.252.384,00
LVBI11;99,27;0,740000;8,41;114,69;0,87;2.148.254,26;6,49;4,55;-3,37;1.350.531.572,06;49.243,00;Ativa;11.775.177,00
BTAL11;93,01;0,830000;10,17;103,36;0,90;1.047.927,65;5,37;;;618.345.869,74;29.609,00;Ativa;5.982.736,00
HCRI11;217,00;2,486344;11,89;266,45;0,81;64.748,04;2,44;4,20;-15,45;53.289.521,33;2.992,00;Passiva;200.000,00
LGCP11;78,25;0,620000;8,90;102,09;0,77;328.854,17;0,73;;;279.002.316,82;9.826,00;Ativa;2.732.860,00
MALL11;100,79;0,720000;7,78;107,99;0,93;1.261.895,52;2,26;16,33;-0,72;816.449.194,11;96.975,00;Ativa;7.560.351,00
BARI11;100,00;1,500000;14,66;102,75;0,97;1.070.730,09;6,09;15,43;;476.179.995,80;34.098,00;Ativa;4.634.191,00
HCTR11;114,08;1,770000;16,69;120,98;0,94;6.992.903,13;3,59;;0,83;2.671.651.053,42;184.069,00;Ativa;22.084.202,00
JBFO11;86,46;0,590000;6,77;86,89;1,00;74.608,33;0,44;;;111.142.253,72;358,00;Ativa;1.279.070,00
STRX11;8,52;0,760000;98,19;140,67;0,06;;0,66;;;226.972.347,85;53,00;Ativa;1.613.559,00
FLMA11;111,00;0,800000;6,95;157,00;0,71;84.095,48;2,11;-0,09;-13,46;216.770.187,37;18.846,00;Ativa;1.380.670,00
ATSA11;88,70;0,250000;0,00;89,43;0,99;615,20;1,39;;-4,55;156.611.749,64;260,00;Passiva;1.751.141,00
WTSP11B;38,99;0,317347;7,14;80,51;0,48;183,17;0,23;-9,42;-19,95;79.910.289,95;204,00;Ativa;992.565,00
BRHT11B;86,80;;0,00;79,95;1,09;;9,65;;;147.246.610,62;11,00;--;1.841.677,00
DRIT11B;92,46;0,580000;6,40;125,41;0,74;850,53;0,63;-4,61;-19,16;58.097.475,43;322,00;Ativa;463.277,00
ALZR11;117,00;0,780682;7,26;105,29;1,11;1.471.190,61;4,15;9,38;3,65;623.555.760,98;100.749,00;Ativa;5.922.011,00
ALMI11;891,00;0,371133;0,00;2.246,01;0,40;51.655,96;0,95;;-13,98;249.704.934,99;2.946,00;Passiva;111.177,00
PATC11;66,17;0,320000;5,59;87,16;0,76;472.367,70;1,03;-2,95;-12,87;303.082.185,17;9.464,00;Ativa;3.477.434,00
SEQR11;63,78;0,627900;12,17;96,13;0,66;351.572,87;1,37;;;154.636.386,60;2.498,00;Ativa;1.608.552,00
IRDM11;103,81;1,352461;13,80;96,61;1,07;6.186.406,48;3,21;10,96;-1,88;3.192.334.218,52;246.555,00;Ativa;33.044.580,00
HPDP11;81,96;0,450000;6,10;94,79;0,86;943,67;1,15;;;275.728.285,78;366,00;Passiva;2.908.813,00
BPML11;61,10;0,150000;6,35;134,10;0,46;82.176,70;2,10;;;577.298.899,56;1.458,00;Passiva;4.305.079,00
FCFL11;115,01;0,821611;8,15;104,87;1,10;428.926,74;0,60;11,69;-2,24;364.323.887,98;4.073,00;Passiva;3.474.010,00
VCRI11;9,30;0,150000;1,61;9,92;0,94;197.831,43;24,23;;;176.307.659,98;1.733,00;Ativa;17.773.297,00
BBIM11;0,00;0,090000;0,00;48,99;;;1,93;-5,25;;50.706.598,39;20,00;Ativa;1.035.000,00
SPAF11;0,00;10,980000;0,00;1.047,63;;;5,79;-1,55;;11.806.742,54;1,00;Ativa;11.270,00
EURO11;209,98;1,750000;9,47;312,77;0,67;56.647,43;1,44;11,92;8,59;120.082.868,33;2.578,00;Passiva;383.936,00
RBHG11;85,75;1,460000;15,19;96,55;0,89;329.046,13;5,03;;;166.795.155,28;6.211,00;Ativa;1.727.582,00
CXCE11B;36,78;0,346880;15,84;64,89;0,57;34.878,00;6,82;-15,44;-27,83;111.148.930,54;4.356,00;Passiva;1.712.950,00
HSML11;77,81;0,650000;8,61;93,17;0,84;2.237.397,09;4,02;;;1.470.237.699,26;121.063,00;Ativa;15.780.613,00
GAME11;10,00;0,150000;8,76;9,89;1,01;142.670,87;0,25;;;203.773.668,14;1.980,00;Ativa;20.600.000,00
RBVO11;11,60;0,042556;4,40;23,71;0,49;6.370,65;4,84;-36,02;-35,35;12.231.697,36;2.601,00;--;515.824,00
ERPA11;120,00;0,280631;0,68;115,45;1,04;214.447,29;0,53;;;57.830.423,76;351,00;Passiva;500.922,00
RBFF11;52,76;0,520000;10,86;64,96;0,81;792.576,74;1,47;-10,27;;243.550.499,04;22.214,00;Ativa;3.749.215,00
HSAF11;92,94;1,250000;13,79;95,02;0,98;387.470,30;5,11;;;168.525.677,28;6.079,00;Ativa;1.773.624,00
FMOF11;62,01;0,140000;0,23;122,87;0,50;29.425,78;1,39;18,20;-11,01;62.419.181,77;297,00;Passiva;508.008,00
AURB11;0,00;;0,00;96,91;;;1,15;;;53.100.433,43;3,00;Ativa;547.928,00
VRTA11;96,07;1,210000;14,69;96,28;1,00;2.532.203,13;2,95;14,72;-12,86;1.266.271.603,58;102.089,00;Ativa;13.152.584,00
HCHG11;81,50;0,875000;10,73;103,40;0,79;58.566,43;1,24;;;124.082.191,95;435,00;Ativa;1.200.000,00
BBFI11B;1.718,97;26,656695;19,00;2.865,87;0,60;384.304,65;6,84;2,51;-15,53;372.562.478,35;8.939,00;Passiva;130.000,00
CCRF11;90,17;0,740000;11,79;101,09;0,89;4.249,79;7,60;;;158.903.577,46;120,00;Ativa;1.571.900,00
FLCR11;100,05;1,750000;16,42;104,08;0,96;129.864,61;2,63;;;65.942.593,31;2.140,00;Ativa;633.604,00
AIEC11;75,68;0,800000;12,08;101,36;0,74;465.332,61;1,26;;;489.073.625,01;8.688,00;Ativa;4.824.987,00
RBRP11;58,72;0,450000;9,08;82,15;0,71;1.269.114,78;2,45;6,64;-10,65;1.000.575.637,38;90.862,00;Ativa;12.179.186,00
RBVA11;90,12;1,100000;12,29;102,97;0,88;740.249,00;1,28;0,06;-12,59;1.193.288.764,70;43.240,00;Ativa;11.588.199,00
MCHY11;110,00;1,400000;12,10;104,87;1,05;1.140.048,64;3,11;;;376.451.625,52;223,00;--;3.589.771,00
BLCP11;84,74;0,500000;6,75;111,62;0,76;658.553,28;1,59;;;256.307.281,92;280,00;Ativa;2.296.282,00
TCPF11;1,26;3,440000;692,86;152,41;0,01;;6,59;;;45.314.325,98;52,00;Ativa;297.327,00
BPFF11;63,41;0,800000;11,65;77,78;0,82;449.878,39;4,42;-5,13;-13,25;349.434.722,44;20.167,00;Ativa;4.492.326,00
BMLC11;96,74;0,740000;8,18;109,24;0,89;63.001,43;3,00;14,99;3,21;109.066.053,12;1.429,00;Ativa;998.405,00
DMAC11;13,00;4,894618;60,42;4,99;2,61;26.524,35;105,14;;-74,56;778.257,90;2.352,00;Passiva;156.108,00
BTSG11;0,00;0,780000;0,00;133,24;;;0,68;;;103.262.686,68;52,00;Ativa;775.015,00
HCST11;94,73;;0,00;100,83;0,94;126,33;0,07;;;31.431.681,53;77,00;Ativa;311.742,00
KNIP11;98,24;1,500000;16,88;97,55;1,01;15.650.268,61;4,56;29,10;-6,86;6.938.900.334,81;66.769,00;Ativa;71.134.764,00
MINT11;99,98;;0,00;118,38;0,84;4.199,50;8,18;;;61.557.565,57;69,00;Ativa;520.000,00
VTVI11;0,00;;0,00;38,29;;;12,00;;;68.194.372,13;1,00;Ativa;1.780.984,00
ARFI11B;479,99;;0,00;643,53;0,75;;0,43;;;73.397.773,78;28,00;Ativa;114.054,00
AQLL11;385,03;;0,00;993,80;0,39;;1,87;;;107.466.985,54;37,00;Ativa;108.136,00
CCME11;0,00;;0,00;100,34;;;56,34;;;50.171.937,59;1,00;Ativa;500.000,00
FOFT11;123,00;1,900000;0,00;110,21;1,12;;5,10;-47,71;8,84;131.819.480,59;3.846,00;Ativa;1.196.040,00
BLMG11;77,80;0,800000;13,15;94,71;0,83;602.528,65;0,76;;;360.918.215,84;8.920,00;Ativa;3.810.588,00
CJCT11;81,81;0,330000;0,00;64,83;1,26;89.814,72;2,11;;9,68;186.073.862,65;1.308,00;Passiva;2.870.000,00
SHDP11B;0,00;5,820282;0,00;1.371,90;;;2,31;-1,82;;2.013.664.327,87;3,00;Passiva;1.467.793,00
SPTW11;42,65;0,400000;13,76;52,91;0,81;182.833,70;5,75;-11,30;-21,60;95.135.287,54;25.475,00;Passiva;1.798.000,00
JSRE11;77,61;0,490000;8,00;113,63;0,68;3.474.669,48;0,11;1,04;-11,05;2.359.889.166,96;56.493,00;Ativa;20.767.328,00
MFII11;94,80;1,100000;14,93;102,48;0,92;309.069,70;28,41;4,70;-7,58;424.973.878,67;28.817,00;Ativa;4.146.900,00
VIFI11;6,97;0,060000;10,97;8,96;0,77;128.401,35;6,79;;;72.445.994,24;6.070,00;Ativa;8.089.190,00
BRLA11;150,00;1,055245;8,31;158,66;0,95;1.756.095,00;2,07;;;309.897.052,55;173,00;Passiva;1.953.213,00
KIVO11;99,29;1,650000;5,74;100,93;0,98;4.092,25;13,35;;;36.144.678,28;74,00;Ativa;358.100,00
JRDM11;77,40;0,360134;5,65;87,55;0,88;83.356,83;2,19;-10,31;-2,57;220.883.480,71;4.491,00;Passiva;2.522.968,00
AFOF11;90,31;1,079479;14,78;100,18;0,90;106.331,13;10,44;;;69.242.339,50;2.718,00;Ativa;691.192,00
CBOP11;59,93;1,030000;14,21;77,88;0,77;73.966,78;2,98;14,72;-6,32;110.193.615,85;3.865,00;Passiva;1.415.000,00
HREC11;95,06;1,400000;11,99;92,83;1,02;63.524,96;6,19;;;432.274.986,83;404,00;Ativa;4.656.688,00
CACR11;101,08;1,380000;16,32;103,64;0,97;292.025,87;22,05;;;156.931.955,28;4.339,00;Ativa;1.514.227,00
FCAS11;0,00;0,121915;0,00;60,79;;;186,17;;;80.684.223,04;2,00;Passiva;1.327.300,00
VSLH11;9,25;0,120000;16,05;10,37;0,89;732.338,61;1,84;;;309.775.483,06;66.281,00;Ativa;29.864.091,00
XPHT11;105,10;0,460000;0,87;94,05;1,12;459.947,40;1,00;;0,19;357.825.990,77;1.306,00;Ativa;3.804.642,00
XPHT12;33,00;;0,00;94,05;0,35;8.656,45;1,00;;-31,79;357.825.990,77;1.306,00;Ativa;3.804.642,00
QAGR11;46,19;0,400000;10,01;59,70;0,77;440.414,70;1,53;;;300.906.515,00;25.580,00;Ativa;5.040.000,00
QIRI11;71,27;0,710000;10,50;88,14;0,81;1.573,17;2,21;;;13.220.968,32;182,00;Ativa;150.000,00
DOVL11B;21,39;0,269377;44,45;1.238,86;0,02;;6,40;;;82.267.909,53;51,00;Ativa;66.406,00
KISU11;7,55;0,100000;10,68;9,00;0,84;1.109.505,65;5,64;;;397.684.224,87;63.140,00;Ativa;44.196.050,00
RCRI11B;1.200,00;12,481836;1,04;365,40;3,28;;70,80;;;18.639.596,10;149,00;Ativa;51.012,00
VTLT11;88,60;0,830000;10,71;102,70;0,86;458.280,74;2,47;1,26;-4,05;217.200.401,30;6.180,00;Ativa;2.115.000,00
VOTS11;89,89;1,230000;12,32;95,64;0,94;13.522,00;10,71;29,39;1,25;79.181.152,56;394,00;Ativa;827.913,00
HSRE11;99,99;0,560000;7,01;97,13;1,03;1.362.105,00;1,96;;;827.352.123,56;117,00;Ativa;8.518.064,00
RECR11;100,14;1,720500;15,02;95,25;1,05;5.846.721,39;8,68;17,35;-2,78;2.310.672.803,11;165.314,00;Ativa;24.258.940,00
BNFS11;116,97;1,413556;13,00;99,31;1,18;63.439,30;5,53;11,92;-2,45;69.517.685,50;3.556,00;Ativa;700.000,00
TRNT11;112,24;0,400000;4,41;202,48;0,55;7.953,95;0,60;-14,98;-16,82;796.866.767,12;788,00;Passiva;3.935.562,00
MMPD11;0,00;;0,00;99,78;;;4,23;;;52.884.220,84;48,00;Ativa;530.000,00
RELG11;75,47;0,970000;12,50;120,58;0,62;244.051,78;0,66;;;160.923.032,64;5.598,00;Ativa;1.334.562,00
HLOG11;87,34;0,650000;8,79;111,17;0,79;135.167,30;1,37;;;472.461.986,94;4.222,00;Ativa;4.250.000,00
HGFF11;69,94;0,620000;9,77;89,43;0,78;307.286,87;4,67;;;256.100.841,42;8.813,00;Ativa;2.863.597,00
RBRD11;38,55;0,300000;10,56;70,46;0,55;82.984,57;3,09;-45,08;-27,65;130.471.665,38;10.401,00;Passiva;1.851.786,00
SDIL11;86,80;0,760000;10,14;99,88;0,87;840.187,22;1,29;10,80;-7,86;638.749.928,55;57.679,00;Ativa;6.395.050,00
PATB11;0,00;6,074285;0,00;145,64;;;2,59;;;556.700.389,51;58,00;Ativa;3.822.328,00
GTLG11;99,89;0,700000;6,31;94,20;1,06;1.767.670,91;4,18;;;675.663.743,88;86,00;Ativa;7.173.000,00
NAVT11;72,19;0,850000;11,08;90,23;0,80;136.233,17;8,89;;;95.150.786,99;1.715,00;Ativa;1.054.507,00
BCRI11;106,92;1,470000;13,94;107,20;1,00;999.176,17;3,56;16,09;-5,97;670.869.079,01;47.131,00;Ativa;6.257.873,00
RDPD11;52,52;0,500000;12,68;59,07;0,89;33.025,43;5,07;9,23;-15,61;63.680.942,27;1.130,00;Ativa;1.078.042,00
TCIN11;121,00;;0,00;108,04;1,12;1.282.226,67;0,63;;;89.805.500,05;176,00;Ativa;831.197,00
MGRI11;0,00;;0,00;102,18;;;30,80;;;22.478.968,39;1,00;Ativa;220.000,00
CVPR11;0,00;;0,00;99,91;;;14,18;;;13.987.433,37;2,00;Ativa;140.000,00
MVFI11;0,00;;0,00;1,58;;;0,09;;;123.247.346,66;1,00;Ativa;78.155.673,00
LPLP11;0,00;9,926451;0,00;901,44;;;0,96;;;49.624.125,80;2,00;Ativa;55.050,00
RBBV11;100,00;0,224057;0,22;100,84;0,99;;1,01;75,40;6,33;126.470.249,69;3.475,00;Passiva;1.254.164,00
MGHT11;70,20;0,800000;12,65;98,85;0,71;86.797,83;1,06;;;129.866.209,04;785,00;Ativa;1.313.784,00
MCHF11;9,40;0,110000;12,71;9,72;0,96;950.217,61;6,74;;;313.894.381,58;13.776,00;Ativa;32.307.646,00
RBTS11;1.000,00;23,361118;5,97;1.173,00;0,85;;0,95;;;66.303.621,16;56,00;Ativa;56.525,00
VLOL11;98,29;0,530000;6,34;103,52;0,95;108.103,30;1,35;3,67;-1,28;184.771.601,68;3.740,00;Passiva;1.784.828,00
FIGS11;47,24;0,400000;8,66;99,44;0,48;256.481,74;4,38;-6,12;-9,21;283.406.000,40;16.005,00;Passiva;2.850.000,00
DVFF11;72,00;0,800000;10,14;92,06;0,78;61.031,45;6,94;;;101.357.430,47;322,00;Ativa;1.100.950,00
VJFD11;0,00;0,994900;0,00;132,61;;;0,94;;;646.609.198,61;97,00;Ativa;4.876.129,00
CXAG11;74,99;0,850000;5,15;102,40;0,73;129.105,91;1,39;;;214.084.247,38;12.073,00;Passiva;2.090.621,00
BICE11;1.000,00;5,400000;7,48;965,73;1,04;24.000,00;30,74;;;13.065.381,45;95,00;Ativa;13.529,00
VERE11;233,49;5,334300;14,20;339,52;0,69;;5,28;20,72;;186.765.744,28;53,00;Ativa;550.084,00
PQAG11;57,04;0,410000;8,17;56,97;1,00;1.264,70;0,07;;;797.170.393,11;452,00;Ativa;13.991.890,00
PORD11;95,56;1,720000;14,54;99,35;0,96;814.391,57;3,93;-21,37;-4,26;370.419.863,56;16.903,00;Ativa;3.728.375,00
ERCR11;76.000,00;1.173,773302;16,86;70.498,04;1,08;76.000,00;0,15;;;167.503.350,23;10,00;Passiva;2.376,00
VSHO11;78,37;0,630000;9,40;101,61;0,77;14.887,57;2,04;-0,89;-7,91;213.265.274,29;2.079,00;Ativa;2.098.800,00
MGLG11;43,85;0,600000;14,99;48,19;0,91;106.116,26;4,85;;;57.395.561,83;2.226,00;Ativa;1.191.015,00
PNLN11;0,00;;0,00;68,65;;;81,85;;;674.935,02;1,00;Ativa;9.831,00
OULG11;42,49;0,170000;9,84;73,46;0,58;85.285,91;2,39;-18,83;-28,17;182.267.031,86;6.067,00;Ativa;2.481.284,00
NSLU11;142,03;0,490000;10,65;195,91;0,73;341.759,65;0,14;1,41;-17,21;243.966.075,48;7.268,00;Passiva;1.245.311,00
MANA11;0,00;0,080000;0,00;9,65;;;77,09;;;113.563.600,05;65,00;Ativa;11.770.000,00
HBTT11;1.055,00;16,580000;0,00;0,00;;;;;-9,58;0,00;0,00;Ativa;0,00
HMOC11;226,95;23,800000;0,00;238,79;0,95;;0,67;122,18;-1,57;91.223.530,50;209,00;Passiva;382.017,00
PEMA11;45,18;0,574300;37,23;77,51;0,58;6.215,33;0,78;;;42.785.285,76;241,00;Ativa;552.000,00
TEPP11;68,00;0,500000;8,38;90,28;0,75;633.552,22;0,25;;;381.155.465,82;7.374,00;Ativa;4.221.967,00
XPLG11;94,29;0,700000;8,27;113,75;0,83;4.252.505,83;1,31;2,33;-2,80;3.082.675.354,63;281.409,00;Ativa;27.101.061,00
CVBI11;99,96;1,500000;13,80;100,05;1,00;2.763.473,87;11,43;27,43;;1.052.112.121,61;60.939,00;Ativa;10.516.005,00
LRDI11;0,00;;0,00;99,62;;;6,61;;;23.099.599,85;14,00;Ativa;231.879,00
GZIT11;0,00;;0,00;91,54;;;3,48;;;1.938.286.794,32;1,00;Ativa;21.173.640,00
RBRY11;101,26;1,250000;12,86;102,43;0,99;1.447.879,61;13,70;16,90;-3,26;401.515.245,72;14.118,00;Ativa;3.919.747,00
RRCI11;86,96;1,300000;14,75;98,15;0,89;77.046,22;6,98;;;47.284.328,37;2.350,00;Ativa;481.757,00
TSER11;104,00;0,870000;10,21;93,79;1,11;578.707,27;2,78;;;113.020.383,03;36,00;Ativa;1.205.000,00
FVBI11;94,97;0,369573;0,00;0,00;;;;142,93;-10,05;0,00;0,00;Passiva;0,00
GRLV11;104,51;0,170000;0,00;5,97;17,51;;2.489,44;135,25;-3,56;6.407.890,29;2.604,00;Passiva;1.073.530,00
FAED11;138,02;1,536892;10,94;216,21;0,64;107.320,61;1,62;-5,47;-17,63;138.843.284,06;4.813,00;Passiva;642.168,00
BRIP11;1.211,99;;0,00;980,04;1,24;25.114,00;4,42;;;167.981.598,24;236,00;Ativa;171.402,00
SIGR11;0,00;;0,00;101,04;;;2,78;;;30.572.002,07;50,00;Ativa;302.580,00
RFOF11;68,66;0,690000;11,19;84,15;0,83;155.160,87;0,20;;;90.726.897,87;6.318,00;Ativa;1.078.164,00
NVIF11B;227,50;0,444576;2,41;254,71;0,89;;13,39;-15,79;;85.940.184,88;7,00;Ativa;337.399,00
EXES11;0,00;;0,00;102,31;;;1,07;;;22.040.102,70;60,00;Ativa;215.435,00
KNCR11;100,74;1,050000;9,20;101,13;1,00;7.458.565,74;18,86;19,05;-0,70;4.036.597.525,47;112.554,00;Ativa;39.916.179,00
RBRS11;58,04;0,600000;9,15;92,12;0,63;43.792,82;4,91;;;138.609.258,54;1.205,00;Ativa;1.504.634,00
RVBI11;74,33;0,750000;12,02;87,50;0,85;218.699,13;0,86;;;126.004.830,90;11.503,00;Ativa;1.440.000,00
HGPO11;255,17;1,350000;6,21;268,21;0,95;600.269,65;2,76;14,50;11,04;470.185.660,24;9.653,00;Passiva;1.753.057,00
IRIM11;103,00;1,454777;12,51;99,68;1,03;263.184,52;5,95;;;171.448.529,01;1.882,00;Ativa;1.720.000,00
LFTT11;93,83;3,668145;11,73;60,31;1,56;233.299,82;29,79;;;440.544.059,78;349,00;Ativa;7.304.543,00
PNDL11;0,00;;0,00;644,93;;;52,76;;;22.214.128,43;46,00;Ativa;34.444,00
AFHI11;99,90;1,400000;14,34;96,42;1,03;784.327,17;16,20;;;225.443.640,46;10.812,00;Ativa;2.338.240,00
HGBS11;170,20;1,400000;7,40;216,52;0,79;1.202.744,04;0,83;-1,41;-12,89;2.165.192.006,43;80.779,00;Ativa;10.000.000,00
CORM11;88,98;0,810000;13,03;90,56;0,98;3.143,45;10,44;;;92.123.992,72;273,00;Ativa;1.017.316,00
BPRP11;102,00;0,866513;9,75;108,56;0,94;907,67;0,06;;;146.537.108,30;192,00;Passiva;1.349.837,00
PLOG11;70,84;0,750000;12,67;100,18;0,70;99.760,74;3,28;;;75.135.829,00;2.472,00;Ativa;750.000,00
LSPA11;107,30;0,750000;7,86;107,38;1,00;2.294.589,00;0,81;;;43.436.722,58;223,00;Ativa;404.500,00
RBDS11;3,24;2,354143;0,00;24,85;0,13;749,09;20,66;18,99;-75,18;3.144.259,43;999,00;Ativa;126.523,00
PBLV11;926,98;36,280000;6,76;1.597,84;0,58;;1,71;;;5.137.603.690,75;2,00;Ativa;3.215.347,00
FIIB11;425,89;3,300000;9,33;456,76;0,93;365.128,57;1,27;10,67;-3,24;312.880.513,96;16.811,00;Passiva;685.000,00
BTLG11;99,50;0,720000;8,70;98,43;1,01;3.264.105,61;8,44;14,26;-2,14;1.646.697.527,84;170.256,00;Ativa;16.728.960,00
FISC11;165,00;0,220000;0,93;114,52;1,44;;0,18;;;194.682.613,92;67,00;Ativa;1.699.996,00
CTXT11;13,82;0,010000;0,07;40,57;0,33;4.075,74;4,74;-23,80;-39,52;117.762.540,94;3.399,00;Passiva;2.902.772,00
ANCR11B;3.500,00;40,151526;4,26;3.403,44;1,03;3.500,00;1,12;;;1.535.334.050,90;57,00;Ativa;451.113,00
ELDO11B;762,38;0,300000;11,18;1.343,80;0,57;;0,18;8,50;;1.057.910.698,76;61,00;Passiva;787.256,00
KNSC11;92,47;1,090000;15,70;89,43;1,03;3.860.512,70;10,20;;;1.187.259.742,46;63.527,00;Ativa;13.275.794,00
SAIC11B;35,00;0,662215;0,00;55,23;0,63;175,00;4,20;;-15,26;78.961.630,79;50,00;Passiva;1.429.740,00
YUFI11;0,00;0,204384;0,00;104,03;;;9,39;;;41.106.356,80;29,00;Ativa;395.150,00
BRCO11;98,61;0,770000;7,56;118,98;0,83;2.445.013,39;2,34;;;1.758.352.425,98;74.357,00;Ativa;14.778.781,00
BTCR11;96,20;1,250000;11,89;95,96;1,01;1.096.170,39;14,82;20,91;-1,89;461.585.794,18;13.377,00;Ativa;4.810.097,00
IDFI11;82,35;1,809889;16,30;81,28;1,01;4.394,65;11,53;;;167.269.549,65;107,00;Ativa;2.057.925,00
ORPD11;93,00;1,379310;0,00;150,38;0,62;402,75;0,00;;;43.611.089,33;38,00;Ativa;290.000,00
RCRB11;129,67;0,720000;6,89;195,06;0,66;580.977,22;0,97;-1,85;-9,30;719.897.351,60;29.988,00;Ativa;3.690.695,00
VGIR11;99,33;1,300000;11,07;96,42;1,03;2.429.275,70;0,81;13,32;-2,71;729.972.953,61;35.915,00;Ativa;7.570.766,00
PURB11;95,00;1,400000;8,47;80,52;1,18;199.975,00;21,21;;;32.682.411,62;1,00;Ativa;405.873,00
RBIR11;65,50;0,240000;0,37;96,25;0,68;85.366,82;9,07;;;147.125.529,42;1.355,00;Ativa;1.528.615,00
KEVE11;1.000,00;2,708174;1,16;982,44;1,02;56.588,09;1,35;;;145.107.453,86;402,00;Passiva;147.700,00
VCJR11;96,89;1,300000;15,90;94,47;1,02;1.411.600,65;10,24;;;1.390.944.337,65;10.351,00;Ativa;14.723.970,00
SARE11;69,60;0,700000;10,75;98,68;0,71;1.117.414,26;10,42;;;911.210.974,25;20.603,00;Ativa;9.234.329,00
HUSI11;1.070,00;;0,00;980,97;1,09;2.033,00;2,76;;;113.167.187,95;80,00;Ativa;115.362,00
VTPA11;0,00;;0,00;104,47;;;0,61;;;67.907.810,76;1,00;Ativa;650.000,00
BZEL11;0,00;;0,00;107,99;;;0,03;;;382.084.414,04;3,00;Ativa;3.538.046,00
RBRM11;94.794,81;8.156,661531;114,13;138.336,52;0,69;;7,82;;;74.563.385,12;54,00;--;539,00
JPPC11;140,01;0,170000;58,27;333,76;0,42;280,00;10,17;;;18.356.915,20;86,00;Ativa;55.000,00
MCCI11;97,22;1,100000;12,48;97,19;1,00;4.466.553,70;4,00;;;1.418.391.814,88;85.787,00;Ativa;14.594.149,00
XPML11;93,41;0,680000;7,94;99,31;0,94;3.473.600,57;1,09;5,22;-5,76;1.855.193.521,79;259.307,00;Ativa;18.681.577,00
FISD11;0,00;6,526269;0,00;83,28;;;0,00;;;89.327.355,71;23,00;Ativa;1.072.588,00
ATCR11;0,00;0,069099;0,00;78,12;;;0,58;;;72.566.996,88;33,00;Ativa;928.908,00
SCPF11;5,04;0,013700;4,63;12,49;0,40;3.774,43;2,39;-32,53;-22,71;52.451.827,63;4.504,00;Ativa;4.200.000,00
XPCM11;14,06;0,160000;14,90;53,47;0,27;73.197,26;3,40;-40,11;-47,64;129.112.080,33;29.102,00;Passiva;2.414.570,00
ATWN11;0,00;;0,00;576,35;;;0,00;;;92.653.014,65;2,00;Passiva;160.757,00
ARRI11;94,16;1,180000;16,29;93,76;1,00;325.828,65;12,31;;;110.581.482,20;7.968,00;Ativa;1.179.431,00
PRSN11B;0,94;0,003476;1,36;0,34;2,76;3.351,17;9,51;;;17.343.370,86;987,00;Ativa;51.699.979,00
BVAR11;0,00;8,000000;0,00;1.061,45;;;1,29;47,18;;663.979.855,51;69,00;Passiva;625.540,00
ABCP11;71,14;0,540000;8,99;91,79;0,78;116.065,83;1,75;2,66;-12,80;1.120.247.855,81;19.130,00;Passiva;12.203.832,00
LATR11B;16,00;14,503964;114,56;11,39;1,40;48,38;101,92;;;1.413.245,81;165,00;Ativa;124.104,00
NEWU11;31,58;0,110000;0,00;64,86;0,49;8.194,26;1,82;58,77;;48.127.462,03;1.786,00;Ativa;742.000,00
FAMB11B;790,00;9,160000;0,00;3.082,39;0,26;14.907,91;3,47;-9,82;-37,20;323.034.242,95;2.960,00;Passiva;104.800,00
VCRR11;70,94;0,670000;11,33;119,79;0,59;104.585,35;0,83;;;239.575.654,97;2.115,00;Ativa;2.000.000,00
HSLG11;82,70;0,650000;8,82;110,72;0,75;549.540,52;3,78;;;1.401.752.936,38;19.657,00;Ativa;12.660.067,00
RZAK11;96,70;1,800000;14,50;94,79;1,02;1.426.419,39;1,16;;;315.983.216,64;8.671,00;Ativa;3.333.553,00
